device_id,n,u,v
1,temperature,celsius,36.60406557483847
1,temperature,celsius,36.57937450676637
1,temperature,celsius,36.57627444639168
1,temperature,celsius,36.59864112009144
1,temperature,celsius,36.63070538143333
1,temperature,celsius,36.46525821877218
2,temperature,celsius,36.55770315847568
2,accelerometer,m/s2,1.0
2,glucose,mg/dl,100.14471564631855
2,systole,mmHg,125.49056622959388
2,diastole,mmHg,77.13116695243083
2,saturation,%,97.12124105022124
2,time,s,1398
1,temperature,celsius,36.58187108773785
1,accelerometer,m/s2,1.0
1,glucose,mg/dl,100.29092415689523
1,systole,mmHg,124.23497248446078
1,diastole,mmHg,77.94416050143329
1,saturation,%,97.1927474653795
1,time,s,1404
0,temperature,celsius,36.64488405727619
0,accelerometer,m/s2,1.0
0,glucose,mg/dl,98.11008044901473
0,systole,mmHg,122.45829150548025
0,diastole,mmHg,78.0419008201859
0,saturation,%,97.58496831927445
0,time,s,1410
2,temperature,celsius,36.67547457060637
2,accelerometer,m/s2,1.0
2,glucose,mg/dl,100.14471564631855
2,systole,mmHg,125.49056622959388
2,diastole,mmHg,77.13116695243083
2,saturation,%,97.12124105022124
2,time,s,1404
1,temperature,celsius,36.61511485201042
1,accelerometer,m/s2,1.0
1,glucose,mg/dl,100.29092415689523
1,systole,mmHg,124.23497248446078
1,diastole,mmHg,77.94416050143329
1,saturation,%,97.1927474653795
1,time,s,1410
0,temperature,celsius,36.60887199546605
0,accelerometer,m/s2,1.0
0,glucose,mg/dl,98.11008044901473
0,systole,mmHg,122.45829150548025
0,diastole,mmHg,78.0419008201859
0,saturation,%,97.58496831927445
0,time,s,1416
2,temperature,celsius,36.61253495071402
2,accelerometer,m/s2,1.0
2,glucose,mg/dl,100.14471564631855
2,systole,mmHg,125.49056622959388
2,diastole,mmHg,77.13116695243083
2,saturation,%,97.12124105022124
2,time,s,1410
1,temperature,celsius,36.59679619462483
1,accelerometer,m/s2,1.0
1,glucose,mg/dl,100.29092415689523
1,systole,mmHg,124.23497248446078
1,diastole,mmHg,77.94416050143329
1,saturation,%,97.1927474653795
1,time,s,1416
0,temperature,celsius,36.61314076969855
0,accelerometer,m/s2,1.0
0,glucose,mg/dl,98.11008044901473
0,systole,mmHg,122.45829150548025
0,diastole,mmHg,78.0419008201859
0,saturation,%,97.58496831927445
0,time,s,1422
2,temperature,celsius,36.58184273017587
2,accelerometer,m/s2,1.0
2,glucose,mg/dl,100.14471564631855
2,systole,mmHg,125.49056622959388
2,diastole,mmHg,77.13116695243083
2,saturation,%,97.12124105022124
2,time,s,1416
1,temperature,celsius,36.63020886891332
1,accelerometer,m/s2,1.0
1,glucose,mg/dl,100.29092415689523
1,systole,mmHg,124.23497248446078
1,diastole,mmHg,77.94416050143329
1,saturation,%,97.1927474653795
1,time,s,1422
0,temperature,celsius,36.54077036532806
0,accelerometer,m/s2,1.0
0,glucose,mg/dl,98.11008044901473
0,systole,mmHg,122.45829150548025
0,diastole,mmHg,78.0419008201859
0,saturation,%,97.58496831927445
0,time,s,1428
2,temperature,celsius,36.576854896407546
2,accelerometer,m/s2,1.0
2,glucose,mg/dl,100.14471564631855
2,systole,mmHg,125.49056622959388
2,diastole,mmHg,77.13116695243083
2,saturation,%,97.12124105022124
2,time,s,1422
1,temperature,celsius,36.561390992635644
1,accelerometer,m/s2,1.0
1,glucose,mg/dl,100.29092415689523
1,systole,mmHg,124.23497248446078
1,diastole,mmHg,77.94416050143329
1,saturation,%,97.1927474653795
1,time,s,1428
0,temperature,celsius,36.578469280450264
0,accelerometer,m/s2,1.0
0,glucose,mg/dl,98.11008044901473
0,systole,mmHg,122.45829150548025
0,diastole,mmHg,78.0419008201859
0,saturation,%,97.58496831927445
0,time,s,1434
2,temperature,celsius,36.55162762706669
2,accelerometer,m/s2,1.0
2,glucose,mg/dl,100.14471564631855
2,systole,mmHg,125.49056622959388
2,diastole,mmHg,77.13116695243083
2,saturation,%,97.12124105022124
2,time,s,1428
1,temperature,celsius,36.579744339529036
1,accelerometer,m/s2,1.0
1,glucose,mg/dl,100.29092415689523
1,systole,mmHg,124.23497248446078
1,diastole,mmHg,77.94416050143329
1,saturation,%,97.1927474653795
1,time,s,1434
0,temperature,celsius,36.53865400235304
0,accelerometer,m/s2,1.0
0,glucose,mg/dl,98.11008044901473
0,systole,mmHg,122.45829150548025
0,diastole,mmHg,78.0419008201859
0,saturation,%,97.58496831927445
0,time,s,1440
2,temperature,celsius,36.52273742924009
2,accelerometer,m/s2,1.0
2,glucose,mg/dl,100.14471564631855
2,systole,mmHg,125.49056622959388
2,diastole,mmHg,77.13116695243083
2,saturation,%,97.12124105022124
2,time,s,1434
1,temperature,celsius,36.60759087194534
1,accelerometer,m/s2,1.0
1,glucose,mg/dl,100.29092415689523
1,systole,mmHg,124.23497248446078
1,diastole,mmHg,77.94416050143329
1,saturation,%,97.1927474653795
1,time,s,1440
0,temperature,celsius,36.6716948134187
0,accelerometer,m/s2,1.0
0,glucose,mg/dl,98.11008044901473
0,systole,mmHg,122.45829150548025
0,diastole,mmHg,78.0419008201859
0,saturation,%,97.58496831927445
0,time,s,1446
2,temperature,celsius,36.617799323652406
2,accelerometer,m/s2,1.0
2,glucose,mg/dl,100.14471564631855
2,systole,mmHg,125.49056622959388
2,diastole,mmHg,77.13116695243083
2,saturation,%,97.12124105022124
2,time,s,1440
1,temperature,celsius,36.64653761308215
1,accelerometer,m/s2,1.0
1,glucose,mg/dl,100.29092415689523
1,systole,mmHg,124.23497248446078
1,diastole,mmHg,77.94416050143329
1,saturation,%,97.1927474653795
1,time,s,1446
0,temperature,celsius,36.56438022982492
0,accelerometer,m/s2,1.0
0,glucose,mg/dl,98.11008044901473
0,systole,mmHg,122.45829150548025
0,diastole,mmHg,78.0419008201859
0,saturation,%,97.58496831927445
0,time,s,1452
2,temperature,celsius,36.63333571216924
2,accelerometer,m/s2,1.0
2,glucose,mg/dl,100.14471564631855
2,systole,mmHg,125.49056622959388
2,diastole,mmHg,77.13116695243083
2,saturation,%,97.12124105022124
2,time,s,1446
1,temperature,celsius,36.57005399246674
1,accelerometer,m/s2,1.0
1,glucose,mg/dl,100.29092415689523
1,systole,mmHg,124.23497248446078
1,diastole,mmHg,77.94416050143329
1,saturation,%,97.1927474653795
1,time,s,1452
0,temperature,celsius,36.59408482773662
0,accelerometer,m/s2,1.0
0,glucose,mg/dl,98.11008044901473
0,systole,mmHg,122.45829150548025
0,diastole,mmHg,78.0419008201859
0,saturation,%,97.58496831927445
0,time,s,1458
2,temperature,celsius,36.58159267682873
2,accelerometer,m/s2,1.0
2,glucose,mg/dl,100.14471564631855
2,systole,mmHg,125.49056622959388
2,diastole,mmHg,77.13116695243083
2,saturation,%,97.12124105022124
2,time,s,1452
1,temperature,celsius,36.53580487827507
1,accelerometer,m/s2,1.0
1,glucose,mg/dl,100.29092415689523
1,systole,mmHg,124.23497248446078
1,diastole,mmHg,77.94416050143329
1,saturation,%,97.1927474653795
1,time,s,1458
0,temperature,celsius,36.57769435937559
0,accelerometer,m/s2,1.0
0,glucose,mg/dl,98.11008044901473
0,systole,mmHg,122.45829150548025
0,diastole,mmHg,78.0419008201859
0,saturation,%,97.58496831927445
0,time,s,1464
2,temperature,celsius,36.743391602782026
2,accelerometer,m/s2,1.0
2,glucose,mg/dl,100.14471564631855
2,systole,mmHg,125.49056622959388
2,diastole,mmHg,77.13116695243083
2,saturation,%,97.12124105022124
2,time,s,1458
1,temperature,celsius,36.56003167786265
1,accelerometer,m/s2,1.0
1,glucose,mg/dl,100.29092415689523
1,systole,mmHg,124.23497248446078
1,diastole,mmHg,77.94416050143329
1,saturation,%,97.1927474653795
1,time,s,1464
0,temperature,celsius,36.622998853843605
0,accelerometer,m/s2,1.0
0,glucose,mg/dl,98.11008044901473
0,systole,mmHg,122.45829150548025
0,diastole,mmHg,78.0419008201859
0,saturation,%,97.58496831927445
0,time,s,1470
2,temperature,celsius,36.76211938930561
2,accelerometer,m/s2,1.0
2,glucose,mg/dl,100.14471564631855
2,systole,mmHg,125.49056622959388
2,diastole,mmHg,77.13116695243083
2,saturation,%,97.12124105022124
2,time,s,1464
1,temperature,celsius,36.696693098425584
1,accelerometer,m/s2,1.0
1,glucose,mg/dl,100.29092415689523
1,systole,mmHg,124.23497248446078
1,diastole,mmHg,77.94416050143329
1,saturation,%,97.1927474653795
1,time,s,1470
0,temperature,celsius,36.53681202798753
0,accelerometer,m/s2,1.0
0,glucose,mg/dl,98.11008044901473
0,systole,mmHg,122.45829150548025
0,diastole,mmHg,78.0419008201859
0,saturation,%,97.58496831927445
0,time,s,1476
2,temperature,celsius,36.51968349659451
2,accelerometer,m/s2,1.0
2,glucose,mg/dl,100.14471564631855
2,systole,mmHg,125.49056622959388
2,diastole,mmHg,77.13116695243083
2,saturation,%,97.12124105022124
2,time,s,1470
1,temperature,celsius,36.57092038325858
1,accelerometer,m/s2,1.0
1,glucose,mg/dl,100.29092415689523
1,systole,mmHg,124.23497248446078
1,diastole,mmHg,77.94416050143329
1,saturation,%,97.1927474653795
1,time,s,1476
0,temperature,celsius,36.66146012340365
0,accelerometer,m/s2,1.0
0,glucose,mg/dl,98.11008044901473
0,systole,mmHg,122.45829150548025
0,diastole,mmHg,78.0419008201859
0,saturation,%,97.58496831927445
0,time,s,1482
2,temperature,celsius,36.68804944906373
2,accelerometer,m/s2,1.0
2,glucose,mg/dl,100.14471564631855
2,systole,mmHg,125.49056622959388
2,diastole,mmHg,77.13116695243083
2,saturation,%,97.12124105022124
2,time,s,1476
1,temperature,celsius,36.55904067241967
1,accelerometer,m/s2,1.0
1,glucose,mg/dl,100.29092415689523
1,systole,mmHg,124.23497248446078
1,diastole,mmHg,77.94416050143329
1,saturation,%,97.1927474653795
1,time,s,1482
0,temperature,celsius,36.55864656833162
0,accelerometer,m/s2,1.0
0,glucose,mg/dl,98.11008044901473
0,systole,mmHg,122.45829150548025
0,diastole,mmHg,78.0419008201859
0,saturation,%,97.58496831927445
0,time,s,1488
2,temperature,celsius,36.65315760341015
2,accelerometer,m/s2,1.0
2,glucose,mg/dl,100.14471564631855
2,systole,mmHg,125.49056622959388
2,diastole,mmHg,77.13116695243083
2,saturation,%,97.12124105022124
2,time,s,1482
1,temperature,celsius,36.69421609803476
1,accelerometer,m/s2,1.0
1,glucose,mg/dl,100.29092415689523
1,systole,mmHg,124.23497248446078
1,diastole,mmHg,77.94416050143329
1,saturation,%,97.1927474653795
1,time,s,1488
0,temperature,celsius,36.549428689753725
0,accelerometer,m/s2,1.0
0,glucose,mg/dl,98.11008044901473
0,systole,mmHg,122.45829150548025
0,diastole,mmHg,78.0419008201859
0,saturation,%,97.58496831927445
0,time,s,1494
2,temperature,celsius,36.560562386710345
2,accelerometer,m/s2,1.0
2,glucose,mg/dl,100.14471564631855
2,systole,mmHg,125.49056622959388
2,diastole,mmHg,77.13116695243083
2,saturation,%,97.12124105022124
2,time,s,1488
1,temperature,celsius,36.582147301435306
0,temperature,celsius,36.647018645801424
0,accelerometer,m/s2,1.0
0,glucose,mg/dl,98.11008044901473
0,systole,mmHg,122.45829150548025
0,diastole,mmHg,78.0419008201859
0,saturation,%,97.58496831927445
0,time,s,1626
2,temperature,celsius,36.61774232530137
2,accelerometer,m/s2,1.0
2,glucose,mg/dl,100.14471564631855
2,systole,mmHg,125.49056622959388
2,diastole,mmHg,77.13116695243083
2,saturation,%,97.12124105022124
2,time,s,1620
1,temperature,celsius,36.60379878782042
1,accelerometer,m/s2,1.0
1,glucose,mg/dl,100.29092415689523
1,systole,mmHg,124.23497248446078
1,diastole,mmHg,77.94416050143329
1,saturation,%,97.1927474653795
1,time,s,1626
0,temperature,celsius,36.64893124670372
0,accelerometer,m/s2,1.0
0,glucose,mg/dl,98.11008044901473
0,systole,mmHg,122.45829150548025
0,diastole,mmHg,78.0419008201859
0,saturation,%,97.58496831927445
0,time,s,1632
2,temperature,celsius,36.63567878204845
2,accelerometer,m/s2,1.0
2,glucose,mg/dl,100.14471564631855
2,systole,mmHg,125.49056622959388
2,diastole,mmHg,77.13116695243083
2,saturation,%,97.12124105022124
2,time,s,1626
1,temperature,celsius,36.58960545886271
1,accelerometer,m/s2,1.0
1,glucose,mg/dl,100.29092415689523
1,systole,mmHg,124.23497248446078
1,diastole,mmHg,77.94416050143329
1,saturation,%,97.1927474653795
1,time,s,1632
0,temperature,celsius,36.60598326261305
0,accelerometer,m/s2,1.0
0,glucose,mg/dl,98.11008044901473
0,systole,mmHg,122.45829150548025
0,diastole,mmHg,78.0419008201859
0,saturation,%,97.58496831927445
0,time,s,1638
2,temperature,celsius,36.607609219161546
2,accelerometer,m/s2,1.0
2,glucose,mg/dl,99.09628622378365
2,systole,mmHg,122.90517840694531
2,diastole,mmHg,77.20754149144341
2,saturation,%,99.10311372121123
2,time,s,0
1,temperature,celsius,36.50694203487674
1,accelerometer,m/s2,1.0
1,glucose,mg/dl,100.29092415689523
1,systole,mmHg,124.23497248446078
1,diastole,mmHg,77.94416050143329
1,saturation,%,97.1927474653795
1,time,s,1638
0,temperature,celsius,36.569531822720826
0,accelerometer,m/s2,1.0
0,glucose,mg/dl,98.11008044901473
0,systole,mmHg,122.45829150548025
0,diastole,mmHg,78.0419008201859
0,saturation,%,97.58496831927445
0,time,s,1644
2,temperature,celsius,36.59918301177015
2,accelerometer,m/s2,1.0
2,glucose,mg/dl,99.09628622378365
2,systole,mmHg,122.90517840694531
2,diastole,mmHg,77.20754149144341
2,saturation,%,99.10311372121123
2,time,s,6
1,temperature,celsius,36.63089246642521
1,accelerometer,m/s2,1.0
1,glucose,mg/dl,100.29092415689523
1,systole,mmHg,124.23497248446078
1,diastole,mmHg,77.94416050143329
1,saturation,%,97.1927474653795
1,time,s,1644
0,temperature,celsius,36.64600314354318
0,accelerometer,m/s2,1.0
0,glucose,mg/dl,98.11008044901473
0,systole,mmHg,122.45829150548025
0,diastole,mmHg,78.0419008201859
0,saturation,%,97.58496831927445
0,time,s,1650
2,temperature,celsius,36.55563717436741
2,accelerometer,m/s2,1.0
2,glucose,mg/dl,99.09628622378365
2,systole,mmHg,122.90517840694531
2,diastole,mmHg,77.20754149144341
2,saturation,%,99.10311372121123
2,time,s,12
1,temperature,celsius,36.61819094637675
1,accelerometer,m/s2,1.0
1,glucose,mg/dl,100.29092415689523
1,systole,mmHg,124.23497248446078
1,diastole,mmHg,77.94416050143329
1,saturation,%,97.1927474653795
1,time,s,1650
0,temperature,celsius,36.59574573809113
0,accelerometer,m/s2,1.0
0,glucose,mg/dl,98.11008044901473
0,systole,mmHg,122.45829150548025
0,diastole,mmHg,78.0419008201859
0,saturation,%,97.58496831927445
0,time,s,1656
2,temperature,celsius,36.629516473989945
2,accelerometer,m/s2,1.0
2,glucose,mg/dl,99.09628622378365
2,systole,mmHg,122.90517840694531
2,diastole,mmHg,77.20754149144341
2,saturation,%,99.10311372121123
2,time,s,18
1,temperature,celsius,36.613229206214676
1,accelerometer,m/s2,1.0
1,glucose,mg/dl,100.29092415689523
1,systole,mmHg,124.23497248446078
1,diastole,mmHg,77.94416050143329
1,saturation,%,97.1927474653795
1,time,s,1656
0,temperature,celsius,36.67988870243001
0,accelerometer,m/s2,1.0
0,glucose,mg/dl,98.11008044901473
0,systole,mmHg,122.45829150548025
0,diastole,mmHg,78.0419008201859
0,saturation,%,97.58496831927445
0,time,s,1662
2,temperature,celsius,36.71172832732804
2,accelerometer,m/s2,1.0
2,glucose,mg/dl,99.09628622378365
2,systole,mmHg,122.90517840694531
2,diastole,mmHg,77.20754149144341
2,saturation,%,99.10311372121123
2,time,s,24
1,temperature,celsius,36.65845569975858
1,accelerometer,m/s2,1.0
1,glucose,mg/dl,100.29092415689523
1,systole,mmHg,124.23497248446078
1,diastole,mmHg,77.94416050143329
1,saturation,%,97.1927474653795
1,time,s,1662
0,temperature,celsius,36.51989683334565
0,accelerometer,m/s2,1.0
0,glucose,mg/dl,98.11008044901473
0,systole,mmHg,122.45829150548025
0,diastole,mmHg,78.0419008201859
0,saturation,%,97.58496831927445
0,time,s,1668
2,temperature,celsius,36.58078796414801
2,accelerometer,m/s2,1.0
2,glucose,mg/dl,99.09628622378365
2,systole,mmHg,122.90517840694531
2,diastole,mmHg,77.20754149144341
2,saturation,%,99.10311372121123
2,time,s,30
1,temperature,celsius,36.574181530566285
1,accelerometer,m/s2,1.0
1,glucose,mg/dl,100.29092415689523
1,systole,mmHg,124.23497248446078
1,diastole,mmHg,77.94416050143329
1,saturation,%,97.1927474653795
1,time,s,1668
0,temperature,celsius,36.66362788954852
0,accelerometer,m/s2,1.0
0,glucose,mg/dl,98.11008044901473
0,systole,mmHg,122.45829150548025
0,diastole,mmHg,78.0419008201859
0,saturation,%,97.58496831927445
0,time,s,1674
2,temperature,celsius,36.491362094835345
2,accelerometer,m/s2,1.0
2,glucose,mg/dl,99.09628622378365
2,systole,mmHg,122.90517840694531
2,diastole,mmHg,77.20754149144341
2,saturation,%,99.10311372121123
2,time,s,36
1,temperature,celsius,36.602769620887564
1,accelerometer,m/s2,1.0
1,glucose,mg/dl,100.29092415689523
1,systole,mmHg,124.23497248446078
1,diastole,mmHg,77.94416050143329
1,saturation,%,97.1927474653795
1,time,s,1674
0,temperature,celsius,36.578073272457594
0,accelerometer,m/s2,1.0
0,glucose,mg/dl,98.11008044901473
0,systole,mmHg,122.45829150548025
0,diastole,mmHg,78.0419008201859
0,saturation,%,97.58496831927445
0,time,s,1680
2,temperature,celsius,36.57188074714791
2,accelerometer,m/s2,1.0
2,glucose,mg/dl,99.09628622378365
2,systole,mmHg,122.90517840694531
2,diastole,mmHg,77.20754149144341
2,saturation,%,99.10311372121123
2,time,s,42
1,temperature,celsius,36.54032677769892
1,accelerometer,m/s2,1.0
1,glucose,mg/dl,100.29092415689523
1,systole,mmHg,124.23497248446078
1,diastole,mmHg,77.94416050143329
1,saturation,%,97.1927474653795
1,time,s,1680
0,temperature,celsius,36.60376555242815
0,accelerometer,m/s2,1.0
0,glucose,mg/dl,98.11008044901473
0,systole,mmHg,122.45829150548025
0,diastole,mmHg,78.0419008201859
0,saturation,%,97.58496831927445
0,time,s,1686
2,temperature,celsius,36.595077749967004
2,accelerometer,m/s2,1.0
2,glucose,mg/dl,99.09628622378365
2,systole,mmHg,122.90517840694531
2,diastole,mmHg,77.20754149144341
2,saturation,%,99.10311372121123
2,time,s,48
0,temperature,celsius,36.66515525390925
0,accelerometer,m/s2,1.0
0,glucose,mg/dl,98.11008044901473
0,systole,mmHg,122.45829150548025
0,diastole,mmHg,78.0419008201859
0,saturation,%,97.58496831927445
0,time,s,1692
1,temperature,celsius,36.63073140074751
1,accelerometer,m/s2,1.0
1,glucose,mg/dl,100.29092415689523
1,systole,mmHg,124.23497248446078
1,diastole,mmHg,77.94416050143329
1,saturation,%,97.1927474653795
1,time,s,1686
2,temperature,celsius,36.63963089332684
2,accelerometer,m/s2,1.0
2,glucose,mg/dl,99.09628622378365
2,systole,mmHg,122.90517840694531
2,diastole,mmHg,77.20754149144341
2,saturation,%,99.10311372121123
2,time,s,54
1,temperature,celsius,36.60306204911053
1,accelerometer,m/s2,1.0
1,glucose,mg/dl,100.29092415689523
1,systole,mmHg,124.23497248446078
1,diastole,mmHg,77.94416050143329
1,saturation,%,97.1927474653795
1,time,s,1692
0,temperature,celsius,36.55424358485507
0,accelerometer,m/s2,1.0
0,glucose,mg/dl,98.11008044901473
0,systole,mmHg,122.45829150548025
0,diastole,mmHg,78.0419008201859
0,saturation,%,97.58496831927445
0,time,s,1698
2,temperature,celsius,36.620690187510036
2,accelerometer,m/s2,1.0
2,glucose,mg/dl,99.09628622378365
2,systole,mmHg,122.90517840694531
2,diastole,mmHg,77.20754149144341
2,saturation,%,99.10311372121123
2,time,s,60
1,temperature,celsius,36.61288160390708
1,accelerometer,m/s2,1.0
1,glucose,mg/dl,100.29092415689523
1,systole,mmHg,124.23497248446078
1,diastole,mmHg,77.94416050143329
1,saturation,%,97.1927474653795
1,time,s,1698
0,temperature,celsius,36.61431648733851
0,accelerometer,m/s2,1.0
0,glucose,mg/dl,98.11008044901473
0,systole,mmHg,122.45829150548025
0,diastole,mmHg,78.0419008201859
0,saturation,%,97.58496831927445
0,time,s,1704
2,temperature,celsius,36.573705558015384
2,accelerometer,m/s2,1.0
2,glucose,mg/dl,99.09628622378365
2,systole,mmHg,122.90517840694531
2,diastole,mmHg,77.20754149144341
2,saturation,%,99.10311372121123
2,time,s,66
1,temperature,celsius,36.552099842742585
1,accelerometer,m/s2,1.0
1,glucose,mg/dl,100.29092415689523
1,systole,mmHg,124.23497248446078
1,diastole,mmHg,77.94416050143329
1,saturation,%,97.1927474653795
1,time,s,1704
0,temperature,celsius,36.56636848353503
0,accelerometer,m/s2,1.0
0,glucose,mg/dl,98.11008044901473
0,systole,mmHg,122.45829150548025
0,diastole,mmHg,78.0419008201859
0,saturation,%,97.58496831927445
0,time,s,1710
2,temperature,celsius,36.65903957405651
2,accelerometer,m/s2,1.0
2,glucose,mg/dl,99.09628622378365
2,systole,mmHg,122.90517840694531
2,diastole,mmHg,77.20754149144341
2,saturation,%,99.10311372121123
2,time,s,72
1,temperature,celsius,36.663908438958046
1,accelerometer,m/s2,1.0
1,glucose,mg/dl,100.29092415689523
1,systole,mmHg,124.23497248446078
1,diastole,mmHg,77.94416050143329
1,saturation,%,97.1927474653795
1,time,s,1710
0,temperature,celsius,36.60908948688259
0,accelerometer,m/s2,1.0
0,glucose,mg/dl,98.11008044901473
0,systole,mmHg,122.45829150548025
0,diastole,mmHg,78.0419008201859
0,saturation,%,97.58496831927445
0,time,s,1716
2,temperature,celsius,36.64686097906476
2,accelerometer,m/s2,1.0
2,glucose,mg/dl,99.09628622378365
2,systole,mmHg,122.90517840694531
2,diastole,mmHg,77.20754149144341
2,saturation,%,99.10311372121123
2,time,s,78
1,temperature,celsius,36.58401113269091
1,accelerometer,m/s2,1.0
1,glucose,mg/dl,100.29092415689523
1,systole,mmHg,124.23497248446078
1,diastole,mmHg,77.94416050143329
1,saturation,%,97.1927474653795
1,time,s,1716
0,temperature,celsius,36.61765056367864
0,accelerometer,m/s2,1.0
0,glucose,mg/dl,98.11008044901473
0,systole,mmHg,122.45829150548025
0,diastole,mmHg,78.0419008201859
0,saturation,%,97.58496831927445
0,time,s,1722
2,temperature,celsius,36.622299734303795
2,accelerometer,m/s2,1.0
2,glucose,mg/dl,99.09628622378365
2,systole,mmHg,122.90517840694531
2,diastole,mmHg,77.20754149144341
2,saturation,%,99.10311372121123
2,time,s,84
1,temperature,celsius,36.59935473092392
1,accelerometer,m/s2,1.0
1,glucose,mg/dl,100.29092415689523
1,systole,mmHg,124.23497248446078
1,diastole,mmHg,77.94416050143329
1,saturation,%,97.1927474653795
1,time,s,1722
0,temperature,celsius,36.59915057769381
0,accelerometer,m/s2,1.0
0,glucose,mg/dl,98.11008044901473
0,systole,mmHg,122.45829150548025
0,diastole,mmHg,78.0419008201859
0,saturation,%,97.58496831927445
0,time,s,1728
2,temperature,celsius,36.60264422317638
2,accelerometer,m/s2,1.0
2,glucose,mg/dl,99.09628622378365
2,systole,mmHg,122.90517840694531
2,diastole,mmHg,77.20754149144341
2,saturation,%,99.10311372121123
2,time,s,90
1,temperature,celsius,36.57152877650192
1,accelerometer,m/s2,1.0
1,glucose,mg/dl,100.29092415689523
1,systole,mmHg,124.23497248446078
1,diastole,mmHg,77.94416050143329
1,saturation,%,97.1927474653795
1,time,s,1728
0,temperature,celsius,36.623152249582205
0,accelerometer,m/s2,1.0
0,glucose,mg/dl,98.11008044901473
0,systole,mmHg,122.45829150548025
0,diastole,mmHg,78.0419008201859
0,saturation,%,97.58496831927445
0,time,s,1734
2,temperature,celsius,36.647406683633996
2,accelerometer,m/s2,1.0
2,glucose,mg/dl,99.09628622378365
2,systole,mmHg,122.90517840694531
2,diastole,mmHg,77.20754149144341
2,saturation,%,99.10311372121123
2,time,s,96
1,temperature,celsius,36.58640162012892
1,accelerometer,m/s2,1.0
1,glucose,mg/dl,100.29092415689523
1,systole,mmHg,124.23497248446078
1,diastole,mmHg,77.94416050143329
1,saturation,%,97.1927474653795
1,time,s,1734
0,temperature,celsius,36.652286096458035
0,accelerometer,m/s2,1.0
0,glucose,mg/dl,98.11008044901473
0,systole,mmHg,122.45829150548025
0,diastole,mmHg,78.0419008201859
0,saturation,%,97.58496831927445
0,time,s,1740
2,temperature,celsius,36.55157948167294
2,accelerometer,m/s2,1.0
2,glucose,mg/dl,99.09628622378365
2,systole,mmHg,122.90517840694531
2,diastole,mmHg,77.20754149144341
2,saturation,%,99.10311372121123
2,time,s,102
1,temperature,celsius,36.58171401029855
1,accelerometer,m/s2,1.0
1,glucose,mg/dl,100.29092415689523
1,systole,mmHg,124.23497248446078
1,diastole,mmHg,77.94416050143329
1,saturation,%,97.1927474653795
1,time,s,1740
0,temperature,celsius,36.612081873540504
0,accelerometer,m/s2,1.0
0,glucose,mg/dl,98.11008044901473
0,systole,mmHg,122.45829150548025
0,diastole,mmHg,78.0419008201859
0,saturation,%,97.58496831927445
0,time,s,1746
2,temperature,celsius,36.655973753293
2,accelerometer,m/s2,1.0
2,glucose,mg/dl,99.09628622378365
2,systole,mmHg,122.90517840694531
2,diastole,mmHg,77.20754149144341
2,saturation,%,99.10311372121123
2,time,s,108
1,temperature,celsius,36.59962636227873
1,accelerometer,m/s2,1.0
1,glucose,mg/dl,100.29092415689523
1,systole,mmHg,124.23497248446078
1,diastole,mmHg,77.94416050143329
1,saturation,%,97.1927474653795
1,time,s,1746
0,temperature,celsius,36.6378748969689
0,accelerometer,m/s2,1.0
0,glucose,mg/dl,98.11008044901473
0,systole,mmHg,122.45829150548025
0,diastole,mmHg,78.0419008201859
0,saturation,%,97.58496831927445
0,time,s,1752
2,temperature,celsius,36.47632321518851
2,accelerometer,m/s2,1.0
2,glucose,mg/dl,99.09628622378365
2,systole,mmHg,122.90517840694531
2,diastole,mmHg,77.20754149144341
2,saturation,%,99.10311372121123
2,time,s,114
1,temperature,celsius,36.56221685127438
1,accelerometer,m/s2,1.0
1,glucose,mg/dl,100.29092415689523
1,systole,mmHg,124.23497248446078
1,diastole,mmHg,77.94416050143329
1,saturation,%,97.1927474653795
1,time,s,1752
0,temperature,celsius,36.559865810175346
0,accelerometer,m/s2,1.0
0,glucose,mg/dl,98.11008044901473
0,systole,mmHg,122.45829150548025
0,diastole,mmHg,78.0419008201859
0,saturation,%,97.58496831927445
0,time,s,1758
2,temperature,celsius,36.69786454324608
2,accelerometer,m/s2,1.0
2,glucose,mg/dl,99.09628622378365
2,systole,mmHg,122.90517840694531
2,diastole,mmHg,77.20754149144341
2,saturation,%,99.10311372121123
2,time,s,120
1,temperature,celsius,36.64944266844832
1,accelerometer,m/s2,1.0
1,glucose,mg/dl,100.29092415689523
1,systole,mmHg,124.23497248446078
1,diastole,mmHg,77.94416050143329
1,saturation,%,97.1927474653795
1,time,s,1758
0,temperature,celsius,36.57490022525631
0,accelerometer,m/s2,1.0
0,glucose,mg/dl,98.11008044901473
0,systole,mmHg,122.45829150548025
0,diastole,mmHg,78.0419008201859
0,saturation,%,97.58496831927445
0,time,s,1764
2,temperature,celsius,36.65402512991643
2,accelerometer,m/s2,1.0
2,glucose,mg/dl,99.09628622378365
2,systole,mmHg,122.90517840694531
2,diastole,mmHg,77.20754149144341
2,saturation,%,99.10311372121123
2,time,s,126
1,temperature,celsius,36.58159306101965
1,accelerometer,m/s2,1.0
1,glucose,mg/dl,100.29092415689523
1,systole,mmHg,124.23497248446078
1,diastole,mmHg,77.94416050143329
1,saturation,%,97.1927474653795
1,time,s,1764
0,temperature,celsius,36.653328368560096
0,accelerometer,m/s2,1.0
0,glucose,mg/dl,98.11008044901473
0,systole,mmHg,122.45829150548025
0,diastole,mmHg,78.0419008201859
0,saturation,%,97.58496831927445
0,time,s,1770
2,temperature,celsius,36.53520808072118
2,accelerometer,m/s2,1.0
2,glucose,mg/dl,99.09628622378365
2,systole,mmHg,122.90517840694531
2,diastole,mmHg,77.20754149144341
2,saturation,%,99.10311372121123
2,time,s,132
1,temperature,celsius,36.57644520942007
1,accelerometer,m/s2,1.0
1,glucose,mg/dl,100.29092415689523
1,systole,mmHg,124.23497248446078
1,diastole,mmHg,77.94416050143329
1,saturation,%,97.1927474653795
1,time,s,1770
0,temperature,celsius,36.56157608968752
0,accelerometer,m/s2,1.0
0,glucose,mg/dl,98.11008044901473
0,systole,mmHg,122.45829150548025
0,diastole,mmHg,78.0419008201859
0,saturation,%,97.58496831927445
0,time,s,1776
2,temperature,celsius,36.599405645991794
2,accelerometer,m/s2,1.0
2,glucose,mg/dl,99.09628622378365
2,systole,mmHg,122.90517840694531
2,diastole,mmHg,77.20754149144341
2,saturation,%,99.10311372121123
2,time,s,138
1,temperature,celsius,36.5529948592056
1,accelerometer,m/s2,1.0
1,glucose,mg/dl,100.29092415689523
1,systole,mmHg,124.23497248446078
1,diastole,mmHg,77.94416050143329
1,saturation,%,97.1927474653795
1,time,s,1776
0,temperature,celsius,36.58391649348156
0,accelerometer,m/s2,1.0
0,glucose,mg/dl,98.11008044901473
0,systole,mmHg,122.45829150548025
0,diastole,mmHg,78.0419008201859
0,saturation,%,97.58496831927445
0,time,s,1782
2,temperature,celsius,36.578045258857195
2,accelerometer,m/s2,1.0
2,glucose,mg/dl,99.09628622378365
2,systole,mmHg,122.90517840694531
2,diastole,mmHg,77.20754149144341
2,saturation,%,99.10311372121123
2,time,s,144
1,temperature,celsius,36.57110989278129
1,accelerometer,m/s2,1.0
1,glucose,mg/dl,100.29092415689523
1,systole,mmHg,124.23497248446078
1,diastole,mmHg,77.94416050143329
1,saturation,%,97.1927474653795
1,time,s,1782
0,temperature,celsius,36.643445222213494
0,accelerometer,m/s2,1.0
0,glucose,mg/dl,98.11008044901473
0,systole,mmHg,122.45829150548025
0,diastole,mmHg,78.0419008201859
0,saturation,%,97.58496831927445
0,time,s,1788
2,temperature,celsius,36.62491699616055
2,accelerometer,m/s2,1.0
2,glucose,mg/dl,99.09628622378365
2,systole,mmHg,122.90517840694531
2,diastole,mmHg,77.20754149144341
2,saturation,%,99.10311372121123
2,time,s,150
1,temperature,celsius,36.63683977221283
1,accelerometer,m/s2,1.0
1,glucose,mg/dl,100.29092415689523
1,systole,mmHg,124.23497248446078
1,diastole,mmHg,77.94416050143329
1,saturation,%,97.1927474653795
1,time,s,1788
0,temperature,celsius,36.54186983705728
0,accelerometer,m/s2,1.0
0,glucose,mg/dl,98.11008044901473
0,systole,mmHg,122.45829150548025
0,diastole,mmHg,78.0419008201859
0,saturation,%,97.58496831927445
0,time,s,1794
2,temperature,celsius,36.623373376562554
2,accelerometer,m/s2,1.0
2,glucose,mg/dl,99.09628622378365
2,systole,mmHg,122.90517840694531
2,diastole,mmHg,77.20754149144341
2,saturation,%,99.10311372121123
2,time,s,156
1,temperature,celsius,36.57936941450036
1,accelerometer,m/s2,1.0
1,glucose,mg/dl,100.29092415689523
1,systole,mmHg,124.23497248446078
1,diastole,mmHg,77.94416050143329
1,saturation,%,97.1927474653795
1,time,s,1794
0,temperature,celsius,36.5206763443525
0,accelerometer,m/s2,1.0
0,glucose,mg/dl,98.11008044901473
0,systole,mmHg,122.45829150548025
0,diastole,mmHg,78.0419008201859
0,saturation,%,97.58496831927445
0,time,s,1800
2,temperature,celsius,36.65668373189618
2,accelerometer,m/s2,1.0
2,glucose,mg/dl,99.09628622378365
2,systole,mmHg,122.90517840694531
2,diastole,mmHg,77.20754149144341
2,saturation,%,99.10311372121123
2,time,s,162
1,temperature,celsius,36.61803188367435
1,accelerometer,m/s2,1.0
1,glucose,mg/dl,100.29092415689523
1,systole,mmHg,124.23497248446078
1,diastole,mmHg,77.94416050143329
1,saturation,%,97.1927474653795
1,time,s,1800
0,temperature,celsius,36.5683523682847
0,accelerometer,m/s2,1.0
0,glucose,mg/dl,98.11008044901473
0,systole,mmHg,122.45829150548025
0,diastole,mmHg,78.0419008201859
0,saturation,%,97.58496831927445
0,time,s,1806
2,temperature,celsius,36.552969998162226
2,accelerometer,m/s2,1.0
2,glucose,mg/dl,99.09628622378365
2,systole,mmHg,122.90517840694531
2,diastole,mmHg,77.20754149144341
2,saturation,%,99.10311372121123
2,time,s,168
1,temperature,celsius,36.55551442037123
1,accelerometer,m/s2,1.0
1,glucose,mg/dl,100.29092415689523
1,systole,mmHg,124.23497248446078
1,diastole,mmHg,77.94416050143329
1,saturation,%,97.1927474653795
1,time,s,1806
0,temperature,celsius,36.59336140565936
0,accelerometer,m/s2,1.0
0,glucose,mg/dl,98.11008044901473
0,systole,mmHg,122.45829150548025
0,diastole,mmHg,78.0419008201859
0,saturation,%,97.58496831927445
0,time,s,1812
2,temperature,celsius,36.661683327712666
2,accelerometer,m/s2,1.0
2,glucose,mg/dl,99.09628622378365
2,systole,mmHg,122.90517840694531
2,diastole,mmHg,77.20754149144341
2,saturation,%,99.10311372121123
2,time,s,174
1,temperature,celsius,36.577242250966385
1,accelerometer,m/s2,1.0
1,glucose,mg/dl,100.29092415689523
1,systole,mmHg,124.23497248446078
1,diastole,mmHg,77.94416050143329
1,saturation,%,97.1927474653795
1,time,s,1812
0,temperature,celsius,36.67364834832621
0,accelerometer,m/s2,1.0
0,glucose,mg/dl,98.11008044901473
0,systole,mmHg,122.45829150548025
0,diastole,mmHg,78.0419008201859
0,saturation,%,97.58496831927445
0,time,s,1818
2,temperature,celsius,36.646095926191485
2,accelerometer,m/s2,1.0
2,glucose,mg/dl,99.09628622378365
2,systole,mmHg,122.90517840694531
2,diastole,mmHg,77.20754149144341
2,saturation,%,99.10311372121123
2,time,s,180
1,temperature,celsius,36.558342917588135
1,accelerometer,m/s2,1.0
1,glucose,mg/dl,100.29092415689523
1,systole,mmHg,124.23497248446078
1,diastole,mmHg,77.94416050143329
1,saturation,%,97.1927474653795
1,time,s,1818
0,temperature,celsius,36.576893953666705
0,accelerometer,m/s2,1.0
0,glucose,mg/dl,98.11008044901473
0,systole,mmHg,122.45829150548025
0,diastole,mmHg,78.0419008201859
0,saturation,%,97.58496831927445
0,time,s,1824
2,temperature,celsius,36.60839194754572
2,accelerometer,m/s2,1.0
2,glucose,mg/dl,99.09628622378365
2,systole,mmHg,122.90517840694531
2,diastole,mmHg,77.20754149144341
2,saturation,%,99.10311372121123
2,time,s,186
1,temperature,celsius,36.671260421901906
1,accelerometer,m/s2,1.0
1,glucose,mg/dl,100.29092415689523
1,systole,mmHg,124.23497248446078
1,diastole,mmHg,77.94416050143329
1,saturation,%,97.1927474653795
1,time,s,1824
0,temperature,celsius,36.6102525986237
0,accelerometer,m/s2,1.0
0,glucose,mg/dl,98.11008044901473
0,systole,mmHg,122.45829150548025
0,diastole,mmHg,78.0419008201859
0,saturation,%,97.58496831927445
0,time,s,1830
2,temperature,celsius,36.591793773136295
2,accelerometer,m/s2,1.0
2,glucose,mg/dl,99.09628622378365
2,systole,mmHg,122.90517840694531
2,diastole,mmHg,77.20754149144341
2,saturation,%,99.10311372121123
2,time,s,192
1,temperature,celsius,36.55081171315077
1,accelerometer,m/s2,1.0
1,glucose,mg/dl,100.29092415689523
1,systole,mmHg,124.23497248446078
1,diastole,mmHg,77.94416050143329
1,saturation,%,97.1927474653795
1,time,s,1830
0,temperature,celsius,36.68111142554845
0,accelerometer,m/s2,1.0
0,glucose,mg/dl,98.11008044901473
0,systole,mmHg,122.45829150548025
0,diastole,mmHg,78.0419008201859
0,saturation,%,97.58496831927445
0,time,s,1836
2,temperature,celsius,36.58129315335347
2,accelerometer,m/s2,1.0
2,glucose,mg/dl,99.09628622378365
2,systole,mmHg,122.90517840694531
2,diastole,mmHg,77.20754149144341
2,saturation,%,99.10311372121123
2,time,s,198
1,temperature,celsius,36.675176729309584
1,accelerometer,m/s2,1.0
1,glucose,mg/dl,100.29092415689523
1,systole,mmHg,124.23497248446078
1,diastole,mmHg,77.94416050143329
1,saturation,%,97.1927474653795
1,time,s,1836
0,temperature,celsius,36.59263520704517
0,accelerometer,m/s2,1.0
0,glucose,mg/dl,98.11008044901473
0,systole,mmHg,122.45829150548025
0,diastole,mmHg,78.0419008201859
0,saturation,%,97.58496831927445
0,time,s,1842
2,temperature,celsius,36.57738239644435
2,accelerometer,m/s2,1.0
2,glucose,mg/dl,99.09628622378365
2,systole,mmHg,122.90517840694531
2,diastole,mmHg,77.20754149144341
2,saturation,%,99.10311372121123
2,time,s,204
1,temperature,celsius,36.5781738806483
1,accelerometer,m/s2,1.0
1,glucose,mg/dl,100.29092415689523
1,systole,mmHg,124.23497248446078
1,diastole,mmHg,77.94416050143329
1,saturation,%,97.1927474653795
1,time,s,1842
0,temperature,celsius,36.67999976291014
0,accelerometer,m/s2,1.0
0,glucose,mg/dl,98.11008044901473
0,systole,mmHg,122.45829150548025
0,diastole,mmHg,78.0419008201859
0,saturation,%,97.58496831927445
0,time,s,1848
2,temperature,celsius,36.65733972599239
2,accelerometer,m/s2,1.0
2,glucose,mg/dl,99.09628622378365
2,systole,mmHg,122.90517840694531
2,diastole,mmHg,77.20754149144341
2,saturation,%,99.10311372121123
2,time,s,210
1,temperature,celsius,36.633131873486725
1,accelerometer,m/s2,1.0
1,glucose,mg/dl,100.29092415689523
1,systole,mmHg,124.23497248446078
1,diastole,mmHg,77.94416050143329
1,saturation,%,97.1927474653795
1,time,s,1848
0,temperature,celsius,36.62440560626871
0,accelerometer,m/s2,1.0
0,glucose,mg/dl,98.11008044901473
0,systole,mmHg,122.45829150548025
0,diastole,mmHg,78.0419008201859
0,saturation,%,97.58496831927445
0,time,s,1854
2,temperature,celsius,36.58827900326004
2,accelerometer,m/s2,1.0
2,glucose,mg/dl,99.09628622378365
2,systole,mmHg,122.90517840694531
2,diastole,mmHg,77.20754149144341
2,saturation,%,99.10311372121123
2,time,s,216
1,temperature,celsius,36.54351615473579
1,accelerometer,m/s2,1.0
1,glucose,mg/dl,100.29092415689523
1,systole,mmHg,124.23497248446078
1,diastole,mmHg,77.94416050143329
1,saturation,%,97.1927474653795
1,time,s,1854
0,temperature,celsius,36.59986238583841
0,accelerometer,m/s2,1.0
0,glucose,mg/dl,98.11008044901473
0,systole,mmHg,122.45829150548025
0,diastole,mmHg,78.0419008201859
0,saturation,%,97.58496831927445
0,time,s,1860
2,temperature,celsius,36.593260734723685
2,accelerometer,m/s2,1.0
2,glucose,mg/dl,99.09628622378365
2,systole,mmHg,122.90517840694531
2,diastole,mmHg,77.20754149144341
2,saturation,%,99.10311372121123
2,time,s,222
1,temperature,celsius,36.66426768184426
1,accelerometer,m/s2,1.0
1,glucose,mg/dl,100.29092415689523
1,systole,mmHg,124.23497248446078
1,diastole,mmHg,77.94416050143329
1,saturation,%,97.1927474653795
1,time,s,1860
0,temperature,celsius,36.609176250233936
0,accelerometer,m/s2,1.0
0,glucose,mg/dl,98.11008044901473
0,systole,mmHg,122.45829150548025
0,diastole,mmHg,78.0419008201859
0,saturation,%,97.58496831927445
0,time,s,1866
2,temperature,celsius,36.57536182150436
2,accelerometer,m/s2,1.0
2,glucose,mg/dl,99.09628622378365
2,systole,mmHg,122.90517840694531
2,diastole,mmHg,77.20754149144341
2,saturation,%,99.10311372121123
2,time,s,228
1,temperature,celsius,36.63141025880093
1,accelerometer,m/s2,1.0
1,glucose,mg/dl,100.29092415689523
1,systole,mmHg,124.23497248446078
1,diastole,mmHg,77.94416050143329
1,saturation,%,97.1927474653795
1,time,s,1866
0,temperature,celsius,36.55657576088218
0,accelerometer,m/s2,1.0
0,glucose,mg/dl,98.11008044901473
0,systole,mmHg,122.45829150548025
0,diastole,mmHg,78.0419008201859
0,saturation,%,97.58496831927445
0,time,s,1872
2,temperature,celsius,36.58265620155074
2,accelerometer,m/s2,1.0
2,glucose,mg/dl,99.09628622378365
2,systole,mmHg,122.90517840694531
2,diastole,mmHg,77.20754149144341
2,saturation,%,99.10311372121123
2,time,s,234
1,temperature,celsius,36.644849685568886
1,accelerometer,m/s2,1.0
1,glucose,mg/dl,100.29092415689523
1,systole,mmHg,124.23497248446078
1,diastole,mmHg,77.94416050143329
1,saturation,%,97.1927474653795
1,time,s,1872
0,temperature,celsius,36.589764678645125
0,accelerometer,m/s2,1.0
0,glucose,mg/dl,98.11008044901473
0,systole,mmHg,122.45829150548025
0,diastole,mmHg,78.0419008201859
0,saturation,%,97.58496831927445
0,time,s,1878
2,temperature,celsius,36.6216748218503
2,accelerometer,m/s2,1.0
2,glucose,mg/dl,99.09628622378365
2,systole,mmHg,122.90517840694531
2,diastole,mmHg,77.20754149144341
2,saturation,%,99.10311372121123
2,time,s,240
1,temperature,celsius,36.600656499649524
1,accelerometer,m/s2,1.0
1,glucose,mg/dl,100.29092415689523
1,systole,mmHg,124.23497248446078
1,diastole,mmHg,77.94416050143329
1,saturation,%,97.1927474653795
1,time,s,1878
0,temperature,celsius,36.54683505704807
0,accelerometer,m/s2,1.0
0,glucose,mg/dl,98.11008044901473
0,systole,mmHg,122.45829150548025
0,diastole,mmHg,78.0419008201859
0,saturation,%,97.58496831927445
0,time,s,1884
2,temperature,celsius,36.67035711661586
2,accelerometer,m/s2,1.0
2,glucose,mg/dl,99.09628622378365
2,systole,mmHg,122.90517840694531
2,diastole,mmHg,77.20754149144341
2,saturation,%,99.10311372121123
2,time,s,246
1,temperature,celsius,36.67696662916484
1,accelerometer,m/s2,1.0
1,glucose,mg/dl,100.29092415689523
1,systole,mmHg,124.23497248446078
1,diastole,mmHg,77.94416050143329
1,saturation,%,97.1927474653795
1,time,s,1884
0,temperature,celsius,36.63380474697822
0,accelerometer,m/s2,1.0
0,glucose,mg/dl,98.11008044901473
0,systole,mmHg,122.45829150548025
0,diastole,mmHg,78.0419008201859
0,saturation,%,97.58496831927445
0,time,s,1890
2,temperature,celsius,36.618713428721506
2,accelerometer,m/s2,1.0
2,glucose,mg/dl,99.09628622378365
2,systole,mmHg,122.90517840694531
2,diastole,mmHg,77.20754149144341
2,saturation,%,99.10311372121123
2,time,s,252
1,temperature,celsius,36.61081061612385
1,accelerometer,m/s2,1.0
1,glucose,mg/dl,100.29092415689523
1,systole,mmHg,124.23497248446078
1,diastole,mmHg,77.94416050143329
1,saturation,%,97.1927474653795
1,time,s,1890
0,temperature,celsius,36.67724609034263
0,accelerometer,m/s2,1.0
0,glucose,mg/dl,98.11008044901473
0,systole,mmHg,122.45829150548025
0,diastole,mmHg,78.0419008201859
0,saturation,%,97.58496831927445
0,time,s,1896
2,temperature,celsius,36.64452331805886
2,accelerometer,m/s2,1.0
2,glucose,mg/dl,99.09628622378365
2,systole,mmHg,122.90517840694531
2,diastole,mmHg,77.20754149144341
2,saturation,%,99.10311372121123
2,time,s,258
1,temperature,celsius,36.64002067742089
1,accelerometer,m/s2,1.0
1,glucose,mg/dl,100.29092415689523
1,systole,mmHg,124.23497248446078
1,diastole,mmHg,77.94416050143329
1,saturation,%,97.1927474653795
1,time,s,1896
0,temperature,celsius,36.634260289435986
0,accelerometer,m/s2,1.0
0,glucose,mg/dl,98.11008044901473
0,systole,mmHg,122.45829150548025
0,diastole,mmHg,78.0419008201859
0,saturation,%,97.58496831927445
0,time,s,1902
2,temperature,celsius,36.575304531127365
2,accelerometer,m/s2,1.0
2,glucose,mg/dl,99.09628622378365
2,systole,mmHg,122.90517840694531
2,diastole,mmHg,77.20754149144341
2,saturation,%,99.10311372121123
2,time,s,264
1,temperature,celsius,36.58751221962571
1,accelerometer,m/s2,1.0
1,glucose,mg/dl,100.29092415689523
1,systole,mmHg,124.23497248446078
1,diastole,mmHg,77.94416050143329
1,saturation,%,97.1927474653795
1,time,s,1902
0,temperature,celsius,36.633555406010295
0,accelerometer,m/s2,1.0
0,glucose,mg/dl,98.11008044901473
0,systole,mmHg,122.45829150548025
0,diastole,mmHg,78.0419008201859
0,saturation,%,97.58496831927445
0,time,s,1908
2,temperature,celsius,36.651625226633044
2,accelerometer,m/s2,1.0
2,glucose,mg/dl,99.09628622378365
2,systole,mmHg,122.90517840694531
2,diastole,mmHg,77.20754149144341
2,saturation,%,99.10311372121123
2,time,s,270
1,temperature,celsius,36.55881012468039
1,accelerometer,m/s2,1.0
1,glucose,mg/dl,100.29092415689523
1,systole,mmHg,124.23497248446078
1,diastole,mmHg,77.94416050143329
1,saturation,%,97.1927474653795
1,time,s,1908
0,temperature,celsius,36.582870034311654
0,accelerometer,m/s2,1.0
0,glucose,mg/dl,98.11008044901473
0,systole,mmHg,122.45829150548025
0,diastole,mmHg,78.0419008201859
0,saturation,%,97.58496831927445
0,time,s,1914
2,temperature,celsius,36.60098648149216
2,accelerometer,m/s2,1.0
2,glucose,mg/dl,99.09628622378365
2,systole,mmHg,122.90517840694531
2,diastole,mmHg,77.20754149144341
2,saturation,%,99.10311372121123
2,time,s,276
1,temperature,celsius,36.53815654220829
1,accelerometer,m/s2,1.0
1,glucose,mg/dl,100.29092415689523
1,systole,mmHg,124.23497248446078
1,diastole,mmHg,77.94416050143329
1,saturation,%,97.1927474653795
1,time,s,1914
0,temperature,celsius,36.582541165756446
0,accelerometer,m/s2,1.0
0,glucose,mg/dl,98.11008044901473
0,systole,mmHg,122.45829150548025
0,diastole,mmHg,78.0419008201859
0,saturation,%,97.58496831927445
0,time,s,1920
2,temperature,celsius,36.55993938220344
2,accelerometer,m/s2,1.0
2,glucose,mg/dl,99.09628622378365
2,systole,mmHg,122.90517840694531
2,diastole,mmHg,77.20754149144341
2,saturation,%,99.10311372121123
2,time,s,282
1,temperature,celsius,36.64959804084198
1,accelerometer,m/s2,1.0
1,glucose,mg/dl,100.29092415689523
1,systole,mmHg,124.23497248446078
1,diastole,mmHg,77.94416050143329
1,saturation,%,97.1927474653795
1,time,s,1920
0,temperature,celsius,36.59612168368033
0,accelerometer,m/s2,1.0
0,glucose,mg/dl,98.11008044901473
0,systole,mmHg,122.45829150548025
0,diastole,mmHg,78.0419008201859
0,saturation,%,97.58496831927445
0,time,s,1926
2,temperature,celsius,36.753053853310355
2,accelerometer,m/s2,1.0
2,glucose,mg/dl,99.09628622378365
2,systole,mmHg,122.90517840694531
2,diastole,mmHg,77.20754149144341
2,saturation,%,99.10311372121123
2,time,s,288
1,temperature,celsius,36.6226495623879
1,accelerometer,m/s2,1.0
1,glucose,mg/dl,100.29092415689523
1,systole,mmHg,124.23497248446078
1,diastole,mmHg,77.94416050143329
1,saturation,%,97.1927474653795
1,time,s,1926
0,temperature,celsius,36.57294886365628
0,accelerometer,m/s2,1.0
0,glucose,mg/dl,98.11008044901473
0,systole,mmHg,122.45829150548025
0,diastole,mmHg,78.0419008201859
0,saturation,%,97.58496831927445
0,time,s,1932
2,temperature,celsius,36.54970754466647
2,accelerometer,m/s2,1.0
2,glucose,mg/dl,99.09628622378365
2,systole,mmHg,122.90517840694531
2,diastole,mmHg,77.20754149144341
2,saturation,%,99.10311372121123
2,time,s,294
1,temperature,celsius,36.56159813003027
1,accelerometer,m/s2,1.0
1,glucose,mg/dl,100.29092415689523
1,systole,mmHg,124.23497248446078
1,diastole,mmHg,77.94416050143329
1,saturation,%,97.1927474653795
1,time,s,1932
0,temperature,celsius,36.674751521963245
0,accelerometer,m/s2,1.0
0,glucose,mg/dl,98.11008044901473
0,systole,mmHg,122.45829150548025
0,diastole,mmHg,78.0419008201859
0,saturation,%,97.58496831927445
0,time,s,1938
2,temperature,celsius,36.49788988386914
2,accelerometer,m/s2,1.0
2,glucose,mg/dl,99.09628622378365
2,systole,mmHg,122.90517840694531
2,diastole,mmHg,77.20754149144341
2,saturation,%,99.10311372121123
2,time,s,300
1,temperature,celsius,36.58830076936284
1,accelerometer,m/s2,1.0
1,glucose,mg/dl,100.29092415689523
1,systole,mmHg,124.23497248446078
1,diastole,mmHg,77.94416050143329
1,saturation,%,97.1927474653795
1,time,s,1938
0,temperature,celsius,36.594205285092336
0,accelerometer,m/s2,1.0
0,glucose,mg/dl,98.11008044901473
0,systole,mmHg,122.45829150548025
0,diastole,mmHg,78.0419008201859
0,saturation,%,97.58496831927445
0,time,s,1944
2,temperature,celsius,36.69330002599603
2,accelerometer,m/s2,1.0
2,glucose,mg/dl,99.09628622378365
2,systole,mmHg,122.90517840694531
2,diastole,mmHg,77.20754149144341
2,saturation,%,99.10311372121123
2,time,s,306
1,temperature,celsius,36.623958323268816
1,accelerometer,m/s2,1.0
1,glucose,mg/dl,100.29092415689523
1,systole,mmHg,124.23497248446078
1,diastole,mmHg,77.94416050143329
1,saturation,%,97.1927474653795
1,time,s,1944
0,temperature,celsius,36.48494909101471
0,accelerometer,m/s2,1.0
0,glucose,mg/dl,98.11008044901473
0,systole,mmHg,122.45829150548025
0,diastole,mmHg,78.0419008201859
0,saturation,%,97.58496831927445
0,time,s,1950
2,temperature,celsius,36.65561864443242
2,accelerometer,m/s2,1.0
2,glucose,mg/dl,99.09628622378365
2,systole,mmHg,122.90517840694531
2,diastole,mmHg,77.20754149144341
2,saturation,%,99.10311372121123
2,time,s,312
1,temperature,celsius,36.671894069735075
1,accelerometer,m/s2,1.0
1,glucose,mg/dl,100.29092415689523
1,systole,mmHg,124.23497248446078
1,diastole,mmHg,77.94416050143329
1,saturation,%,97.1927474653795
1,time,s,1950
0,temperature,celsius,36.58853173090646
0,accelerometer,m/s2,1.0
0,glucose,mg/dl,98.11008044901473
0,systole,mmHg,122.45829150548025
0,diastole,mmHg,78.0419008201859
0,saturation,%,97.58496831927445
0,time,s,1956
2,temperature,celsius,36.671287446498525
2,accelerometer,m/s2,1.0
2,glucose,mg/dl,99.09628622378365
2,systole,mmHg,122.90517840694531
2,diastole,mmHg,77.20754149144341
2,saturation,%,99.10311372121123
2,time,s,318
1,temperature,celsius,36.70354288282063
1,accelerometer,m/s2,1.0
1,glucose,mg/dl,100.29092415689523
1,systole,mmHg,124.23497248446078
1,diastole,mmHg,77.94416050143329
1,saturation,%,97.1927474653795
1,time,s,1956
0,temperature,celsius,36.679705584677606
0,accelerometer,m/s2,1.0
0,glucose,mg/dl,98.11008044901473
0,systole,mmHg,122.45829150548025
0,diastole,mmHg,78.0419008201859
0,saturation,%,97.58496831927445
0,time,s,1962
2,temperature,celsius,36.57675555362146
2,accelerometer,m/s2,1.0
2,glucose,mg/dl,99.09628622378365
2,systole,mmHg,122.90517840694531
2,diastole,mmHg,77.20754149144341
2,saturation,%,99.10311372121123
2,time,s,324
1,temperature,celsius,36.59241199471479
1,accelerometer,m/s2,1.0
1,glucose,mg/dl,100.29092415689523
1,systole,mmHg,124.23497248446078
1,diastole,mmHg,77.94416050143329
1,saturation,%,97.1927474653795
1,time,s,1962
0,temperature,celsius,36.57327863686233
0,accelerometer,m/s2,1.0
0,glucose,mg/dl,98.11008044901473
0,systole,mmHg,122.45829150548025
0,diastole,mmHg,78.0419008201859
0,saturation,%,97.58496831927445
0,time,s,1968
2,temperature,celsius,36.49895846107157
2,accelerometer,m/s2,1.0
2,glucose,mg/dl,99.09628622378365
2,systole,mmHg,122.90517840694531
2,diastole,mmHg,77.20754149144341
2,saturation,%,99.10311372121123
2,time,s,330
1,temperature,celsius,36.63710209298509
1,accelerometer,m/s2,1.0
1,glucose,mg/dl,100.29092415689523
1,systole,mmHg,124.23497248446078
1,diastole,mmHg,77.94416050143329
1,saturation,%,97.1927474653795
1,time,s,1968
0,temperature,celsius,36.62080081498989
0,accelerometer,m/s2,1.0
0,glucose,mg/dl,98.11008044901473
0,systole,mmHg,122.45829150548025
0,diastole,mmHg,78.0419008201859
0,saturation,%,97.58496831927445
0,time,s,1974
1,temperature,celsius,36.625992823785076
1,accelerometer,m/s2,1.0
1,glucose,mg/dl,100.29092415689523
1,systole,mmHg,124.23497248446078
1,diastole,mmHg,77.94416050143329
1,saturation,%,97.1927474653795
1,time,s,1974
0,temperature,celsius,36.595870851005785
0,accelerometer,m/s2,1.0
0,glucose,mg/dl,98.11008044901473
0,systole,mmHg,122.45829150548025
0,diastole,mmHg,78.0419008201859
0,saturation,%,97.58496831927445
0,time,s,1980
1,temperature,celsius,36.59801737935996
1,accelerometer,m/s2,1.0
1,glucose,mg/dl,100.29092415689523
1,systole,mmHg,124.23497248446078
1,diastole,mmHg,77.94416050143329
1,saturation,%,97.1927474653795
1,time,s,1980
0,temperature,celsius,36.646182965377164
0,accelerometer,m/s2,1.0
0,glucose,mg/dl,98.11008044901473
0,systole,mmHg,122.45829150548025
0,diastole,mmHg,78.0419008201859
0,saturation,%,97.58496831927445
0,time,s,1986
1,temperature,celsius,36.656456736569126
1,accelerometer,m/s2,1.0
1,glucose,mg/dl,100.29092415689523
1,systole,mmHg,124.23497248446078
1,diastole,mmHg,77.94416050143329
1,saturation,%,97.1927474653795
1,time,s,1986
0,temperature,celsius,36.597748238479056
0,accelerometer,m/s2,1.0
0,glucose,mg/dl,98.11008044901473
0,systole,mmHg,122.45829150548025
0,diastole,mmHg,78.0419008201859
0,saturation,%,97.58496831927445
0,time,s,1992
1,temperature,celsius,36.64065108646179
1,accelerometer,m/s2,1.0
1,glucose,mg/dl,100.29092415689523
1,systole,mmHg,124.23497248446078
1,diastole,mmHg,77.94416050143329
1,saturation,%,97.1927474653795
1,time,s,1992
0,temperature,celsius,36.629703545424135
0,accelerometer,m/s2,1.0
0,glucose,mg/dl,98.11008044901473
0,systole,mmHg,122.45829150548025
0,diastole,mmHg,78.0419008201859
0,saturation,%,97.58496831927445
0,time,s,1998
1,temperature,celsius,36.5646871218858
1,accelerometer,m/s2,1.0
1,glucose,mg/dl,100.29092415689523
1,systole,mmHg,124.23497248446078
1,diastole,mmHg,77.94416050143329
1,saturation,%,97.1927474653795
1,time,s,1998
0,temperature,celsius,36.64597020282628
0,accelerometer,m/s2,1.0
0,glucose,mg/dl,98.11008044901473
0,systole,mmHg,122.45829150548025
0,diastole,mmHg,78.0419008201859
0,saturation,%,97.58496831927445
0,time,s,2004
1,temperature,celsius,36.69803014194397
1,accelerometer,m/s2,1.0
1,glucose,mg/dl,100.29092415689523
1,systole,mmHg,124.23497248446078
1,diastole,mmHg,77.94416050143329
1,saturation,%,97.1927474653795
1,time,s,2004
0,temperature,celsius,36.60247225898671
0,accelerometer,m/s2,1.0
0,glucose,mg/dl,98.11008044901473
0,systole,mmHg,122.45829150548025
0,diastole,mmHg,78.0419008201859
0,saturation,%,97.58496831927445
0,time,s,2010
1,temperature,celsius,36.588486724438205
1,accelerometer,m/s2,1.0
1,glucose,mg/dl,100.29092415689523
1,systole,mmHg,124.23497248446078
1,diastole,mmHg,77.94416050143329
1,saturation,%,97.1927474653795
1,time,s,2010
0,temperature,celsius,36.58831370602386
0,accelerometer,m/s2,1.0
0,glucose,mg/dl,98.11008044901473
0,systole,mmHg,122.45829150548025
0,diastole,mmHg,78.0419008201859
0,saturation,%,97.58496831927445
0,time,s,2016
1,temperature,celsius,36.62805580442005
1,accelerometer,m/s2,1.0
1,glucose,mg/dl,100.29092415689523
1,systole,mmHg,124.23497248446078
1,diastole,mmHg,77.94416050143329
1,saturation,%,97.1927474653795
1,time,s,2016
0,temperature,celsius,36.57422044106158
0,accelerometer,m/s2,1.0
0,glucose,mg/dl,98.11008044901473
0,systole,mmHg,122.45829150548025
0,diastole,mmHg,78.0419008201859
0,saturation,%,97.58496831927445
0,time,s,2022
1,temperature,celsius,36.57079276624803
1,accelerometer,m/s2,1.0
1,glucose,mg/dl,100.29092415689523
1,systole,mmHg,124.23497248446078
1,diastole,mmHg,77.94416050143329
1,saturation,%,97.1927474653795
1,time,s,2022
0,temperature,celsius,36.66835896293961
0,accelerometer,m/s2,1.0
0,glucose,mg/dl,98.11008044901473
0,systole,mmHg,122.45829150548025
0,diastole,mmHg,78.0419008201859
0,saturation,%,97.58496831927445
0,time,s,2028
1,temperature,celsius,36.67170364320834
1,accelerometer,m/s2,1.0
1,glucose,mg/dl,100.29092415689523
1,systole,mmHg,124.23497248446078
1,diastole,mmHg,77.94416050143329
1,saturation,%,97.1927474653795
1,time,s,2028
0,temperature,celsius,36.5934469942376
0,accelerometer,m/s2,1.0
0,glucose,mg/dl,98.11008044901473
0,systole,mmHg,122.45829150548025
0,diastole,mmHg,78.0419008201859
0,saturation,%,97.58496831927445
0,time,s,2034
1,temperature,celsius,36.623726532185984
1,accelerometer,m/s2,1.0
1,glucose,mg/dl,100.29092415689523
1,systole,mmHg,124.23497248446078
1,diastole,mmHg,77.94416050143329
1,saturation,%,97.1927474653795
1,time,s,2034
0,temperature,celsius,36.51436513186336
0,accelerometer,m/s2,1.0
0,glucose,mg/dl,98.11008044901473
0,systole,mmHg,122.45829150548025
0,diastole,mmHg,78.0419008201859
0,saturation,%,97.58496831927445
0,time,s,2040
1,temperature,celsius,36.64456986151434
1,accelerometer,m/s2,1.0
1,glucose,mg/dl,100.29092415689523
1,systole,mmHg,124.23497248446078
1,diastole,mmHg,77.94416050143329
1,saturation,%,97.1927474653795
1,time,s,2040
0,temperature,celsius,36.53412562187071
0,accelerometer,m/s2,1.0
0,glucose,mg/dl,98.11008044901473
0,systole,mmHg,122.45829150548025
0,diastole,mmHg,78.0419008201859
0,saturation,%,97.58496831927445
0,time,s,2046
1,temperature,celsius,36.56616162845222
1,accelerometer,m/s2,1.0
1,glucose,mg/dl,100.29092415689523
1,systole,mmHg,124.23497248446078
1,diastole,mmHg,77.94416050143329
1,saturation,%,97.1927474653795
1,time,s,2046
0,temperature,celsius,36.51054189284078
0,accelerometer,m/s2,1.0
0,glucose,mg/dl,98.11008044901473
0,systole,mmHg,122.45829150548025
0,diastole,mmHg,78.0419008201859
0,saturation,%,97.58496831927445
0,time,s,2052
1,temperature,celsius,36.5674746491391
1,accelerometer,m/s2,1.0
1,glucose,mg/dl,100.29092415689523
1,systole,mmHg,124.23497248446078
1,diastole,mmHg,77.94416050143329
1,saturation,%,97.1927474653795
1,time,s,2052
0,temperature,celsius,36.58065757502932
0,accelerometer,m/s2,1.0
0,glucose,mg/dl,98.11008044901473
0,systole,mmHg,122.45829150548025
0,diastole,mmHg,78.0419008201859
0,saturation,%,97.58496831927445
0,time,s,2058
1,temperature,celsius,36.54571059040617
1,accelerometer,m/s2,1.0
1,glucose,mg/dl,100.29092415689523
1,systole,mmHg,124.23497248446078
1,diastole,mmHg,77.94416050143329
1,saturation,%,97.1927474653795
1,time,s,2058
0,temperature,celsius,36.65433014513922
0,accelerometer,m/s2,1.0
0,glucose,mg/dl,98.11008044901473
0,systole,mmHg,122.45829150548025
0,diastole,mmHg,78.0419008201859
0,saturation,%,97.58496831927445
0,time,s,2064
1,temperature,celsius,36.566265186179415
1,accelerometer,m/s2,1.0
1,glucose,mg/dl,100.29092415689523
1,systole,mmHg,124.23497248446078
1,diastole,mmHg,77.94416050143329
1,saturation,%,97.1927474653795
1,time,s,2064
0,temperature,celsius,36.58150213292014
0,accelerometer,m/s2,1.0
0,glucose,mg/dl,98.11008044901473
0,systole,mmHg,122.45829150548025
0,diastole,mmHg,78.0419008201859
0,saturation,%,97.58496831927445
0,time,s,2070
1,temperature,celsius,36.558839971670956
1,accelerometer,m/s2,1.0
1,glucose,mg/dl,100.29092415689523
1,systole,mmHg,124.23497248446078
1,diastole,mmHg,77.94416050143329
1,saturation,%,97.1927474653795
1,time,s,2070
0,temperature,celsius,36.59859493777306
0,accelerometer,m/s2,1.0
0,glucose,mg/dl,98.11008044901473
0,systole,mmHg,122.45829150548025
0,diastole,mmHg,78.0419008201859
0,saturation,%,97.58496831927445
0,time,s,2076
1,temperature,celsius,36.614089435435424
1,accelerometer,m/s2,1.0
1,glucose,mg/dl,100.29092415689523
1,systole,mmHg,124.23497248446078
1,diastole,mmHg,77.94416050143329
1,saturation,%,97.1927474653795
1,time,s,2076
0,temperature,celsius,36.55733914854103
0,accelerometer,m/s2,1.0
0,glucose,mg/dl,98.11008044901473
0,systole,mmHg,122.45829150548025
0,diastole,mmHg,78.0419008201859
0,saturation,%,97.58496831927445
0,time,s,2082
2,temperature,celsius,36.59657933588386
2,accelerometer,m/s2,1.0
2,glucose,mg/dl,98.2645222968469
2,systole,mmHg,122.23902615069561
2,diastole,mmHg,76.99308694050205
2,saturation,%,97.91952371866925
2,time,s,0
1,temperature,celsius,36.640130157168
1,accelerometer,m/s2,1.0
1,glucose,mg/dl,100.29092415689523
1,systole,mmHg,124.23497248446078
1,diastole,mmHg,77.94416050143329
1,saturation,%,97.1927474653795
1,time,s,2082
0,temperature,celsius,36.63772228433508
0,accelerometer,m/s2,1.0
0,glucose,mg/dl,98.11008044901473
0,systole,mmHg,122.45829150548025
0,diastole,mmHg,78.0419008201859
0,saturation,%,97.58496831927445
0,time,s,2088
2,temperature,celsius,36.54513128805595
2,accelerometer,m/s2,1.0
2,glucose,mg/dl,98.2645222968469
2,systole,mmHg,122.23902615069561
2,diastole,mmHg,76.99308694050205
2,saturation,%,97.91952371866925
2,time,s,6
1,temperature,celsius,36.61080968588209
1,accelerometer,m/s2,1.0
1,glucose,mg/dl,100.29092415689523
1,systole,mmHg,124.23497248446078
1,diastole,mmHg,77.94416050143329
1,saturation,%,97.1927474653795
1,time,s,2088
0,temperature,celsius,36.59526314836896
0,accelerometer,m/s2,1.0
0,glucose,mg/dl,98.11008044901473
0,systole,mmHg,122.45829150548025
0,diastole,mmHg,78.0419008201859
0,saturation,%,97.58496831927445
0,time,s,2094
2,temperature,celsius,36.56005364276368
2,accelerometer,m/s2,1.0
2,glucose,mg/dl,98.2645222968469
2,systole,mmHg,122.23902615069561
2,diastole,mmHg,76.99308694050205
2,saturation,%,97.91952371866925
2,time,s,12
1,temperature,celsius,36.64334070446699
1,accelerometer,m/s2,1.0
1,glucose,mg/dl,100.29092415689523
1,systole,mmHg,124.23497248446078
1,diastole,mmHg,77.94416050143329
1,saturation,%,97.1927474653795
1,time,s,2094
0,temperature,celsius,36.63937348901262
0,accelerometer,m/s2,1.0
0,glucose,mg/dl,98.11008044901473
0,systole,mmHg,122.45829150548025
0,diastole,mmHg,78.0419008201859
0,saturation,%,97.58496831927445
0,time,s,2100
1,temperature,celsius,36.582113861511914
1,accelerometer,m/s2,1.0
1,glucose,mg/dl,100.29092415689523
1,systole,mmHg,124.23497248446078
1,diastole,mmHg,77.94416050143329
1,saturation,%,97.1927474653795
1,time,s,2100
0,temperature,celsius,36.576963554519956
0,accelerometer,m/s2,1.0
0,glucose,mg/dl,98.11008044901473
0,systole,mmHg,122.45829150548025
0,diastole,mmHg,78.0419008201859
0,saturation,%,97.58496831927445
0,time,s,2106
1,temperature,celsius,36.619422154206376
1,accelerometer,m/s2,1.0
1,glucose,mg/dl,100.29092415689523
1,systole,mmHg,124.23497248446078
1,diastole,mmHg,77.94416050143329
1,saturation,%,97.1927474653795
1,time,s,2106
0,temperature,celsius,36.60842964159173
0,accelerometer,m/s2,1.0
0,glucose,mg/dl,98.11008044901473
0,systole,mmHg,122.45829150548025
0,diastole,mmHg,78.0419008201859
0,saturation,%,97.58496831927445
0,time,s,2112
1,temperature,celsius,36.60638437281711
1,accelerometer,m/s2,1.0
1,glucose,mg/dl,100.29092415689523
1,systole,mmHg,124.23497248446078
1,diastole,mmHg,77.94416050143329
1,saturation,%,97.1927474653795
1,time,s,2112
0,temperature,celsius,36.62335170767432
0,accelerometer,m/s2,1.0
0,glucose,mg/dl,98.11008044901473
0,systole,mmHg,122.45829150548025
0,diastole,mmHg,78.0419008201859
0,saturation,%,97.58496831927445
0,time,s,2118
1,temperature,celsius,36.51941483912346
1,accelerometer,m/s2,1.0
1,glucose,mg/dl,100.29092415689523
1,systole,mmHg,124.23497248446078
1,diastole,mmHg,77.94416050143329
1,saturation,%,97.1927474653795
1,time,s,2118
0,temperature,celsius,36.60406778796154
0,accelerometer,m/s2,1.0
0,glucose,mg/dl,98.11008044901473
0,systole,mmHg,122.45829150548025
0,diastole,mmHg,78.0419008201859
0,saturation,%,97.58496831927445
0,time,s,2124
1,temperature,celsius,36.63011861054946
1,accelerometer,m/s2,1.0
1,glucose,mg/dl,100.29092415689523
1,systole,mmHg,124.23497248446078
1,diastole,mmHg,77.94416050143329
1,saturation,%,97.1927474653795
1,time,s,2124
0,temperature,celsius,36.553282841593706
0,accelerometer,m/s2,1.0
0,glucose,mg/dl,98.11008044901473
0,systole,mmHg,122.45829150548025
0,diastole,mmHg,78.0419008201859
0,saturation,%,97.58496831927445
0,time,s,2130
2,temperature,celsius,36.63835791358511
2,accelerometer,m/s2,1.0
2,glucose,mg/dl,99.49287426051006
2,systole,mmHg,123.40735630456228
2,diastole,mmHg,78.40497181053199
2,saturation,%,98.89105428139354
2,time,s,0
1,temperature,celsius,36.610719620920165
1,accelerometer,m/s2,1.0
1,glucose,mg/dl,100.29092415689523
1,systole,mmHg,124.23497248446078
1,diastole,mmHg,77.94416050143329
1,saturation,%,97.1927474653795
1,time,s,2130
0,temperature,celsius,36.66724786475226
0,accelerometer,m/s2,1.0
0,glucose,mg/dl,98.11008044901473
0,systole,mmHg,122.45829150548025
0,diastole,mmHg,78.0419008201859
0,saturation,%,97.58496831927445
0,time,s,2136
2,temperature,celsius,36.59520133240543
2,accelerometer,m/s2,1.0
2,glucose,mg/dl,99.49287426051006
2,systole,mmHg,123.40735630456228
2,diastole,mmHg,78.40497181053199
2,saturation,%,98.89105428139354
2,time,s,6
1,temperature,celsius,36.62907562959005
1,accelerometer,m/s2,1.0
1,glucose,mg/dl,100.29092415689523
1,systole,mmHg,124.23497248446078
1,diastole,mmHg,77.94416050143329
1,saturation,%,97.1927474653795
1,time,s,2136
0,temperature,celsius,36.59319610322307
0,accelerometer,m/s2,1.0
0,glucose,mg/dl,98.11008044901473
0,systole,mmHg,122.45829150548025
0,diastole,mmHg,78.0419008201859
0,saturation,%,97.58496831927445
0,time,s,2142
2,temperature,celsius,36.65754567082748
2,accelerometer,m/s2,1.0
2,glucose,mg/dl,99.49287426051006
2,systole,mmHg,123.40735630456228
2,diastole,mmHg,78.40497181053199
2,saturation,%,98.89105428139354
2,time,s,12
1,temperature,celsius,36.61286911873505
1,accelerometer,m/s2,1.0
1,glucose,mg/dl,100.29092415689523
1,systole,mmHg,124.23497248446078
1,diastole,mmHg,77.94416050143329
1,saturation,%,97.1927474653795
1,time,s,2142
0,temperature,celsius,36.64898098978771
0,accelerometer,m/s2,1.0
0,glucose,mg/dl,98.11008044901473
0,systole,mmHg,122.45829150548025
0,diastole,mmHg,78.0419008201859
0,saturation,%,97.58496831927445
0,time,s,2148
2,temperature,celsius,36.67466631994044
2,accelerometer,m/s2,1.0
2,glucose,mg/dl,99.49287426051006
2,systole,mmHg,123.40735630456228
2,diastole,mmHg,78.40497181053199
2,saturation,%,98.89105428139354
2,time,s,18
1,temperature,celsius,36.585761703508524
1,accelerometer,m/s2,1.0
1,glucose,mg/dl,100.29092415689523
1,systole,mmHg,124.23497248446078
1,diastole,mmHg,77.94416050143329
1,saturation,%,97.1927474653795
1,time,s,2148
0,temperature,celsius,36.59398035074859
0,accelerometer,m/s2,1.0
0,glucose,mg/dl,98.11008044901473
0,systole,mmHg,122.45829150548025
0,diastole,mmHg,78.0419008201859
0,saturation,%,97.58496831927445
0,time,s,2154
2,temperature,celsius,36.620870278630456
2,accelerometer,m/s2,1.0
2,glucose,mg/dl,99.49287426051006
2,systole,mmHg,123.40735630456228
2,diastole,mmHg,78.40497181053199
2,saturation,%,98.89105428139354
2,time,s,24
1,temperature,celsius,36.673378196092834
1,accelerometer,m/s2,1.0
1,glucose,mg/dl,100.29092415689523
1,systole,mmHg,124.23497248446078
1,diastole,mmHg,77.94416050143329
1,saturation,%,97.1927474653795
1,time,s,2154
0,temperature,celsius,36.5735233544209
0,accelerometer,m/s2,1.0
0,glucose,mg/dl,98.11008044901473
0,systole,mmHg,122.45829150548025
0,diastole,mmHg,78.0419008201859
0,saturation,%,97.58496831927445
0,time,s,2160
2,temperature,celsius,36.63557219243086
2,accelerometer,m/s2,1.0
2,glucose,mg/dl,99.49287426051006
2,systole,mmHg,123.40735630456228
2,diastole,mmHg,78.40497181053199
2,saturation,%,98.89105428139354
2,time,s,30
1,temperature,celsius,36.61998490211533
1,accelerometer,m/s2,1.0
1,glucose,mg/dl,100.29092415689523
1,systole,mmHg,124.23497248446078
1,diastole,mmHg,77.94416050143329
1,saturation,%,97.1927474653795
1,time,s,2160
0,temperature,celsius,36.65576184714225
0,accelerometer,m/s2,1.0
0,glucose,mg/dl,98.11008044901473
0,systole,mmHg,122.45829150548025
0,diastole,mmHg,78.0419008201859
0,saturation,%,97.58496831927445
0,time,s,2166
2,temperature,celsius,36.55425654537766
2,accelerometer,m/s2,1.0
2,glucose,mg/dl,99.49287426051006
2,systole,mmHg,123.40735630456228
2,diastole,mmHg,78.40497181053199
2,saturation,%,98.89105428139354
2,time,s,36
1,temperature,celsius,36.62383191213242
1,accelerometer,m/s2,1.0
1,glucose,mg/dl,100.29092415689523
1,systole,mmHg,124.23497248446078
1,diastole,mmHg,77.94416050143329
1,saturation,%,97.1927474653795
1,time,s,2166
0,temperature,celsius,36.62942204842174
0,accelerometer,m/s2,1.0
0,glucose,mg/dl,98.11008044901473
0,systole,mmHg,122.45829150548025
0,diastole,mmHg,78.0419008201859
0,saturation,%,97.58496831927445
0,time,s,2172
2,temperature,celsius,36.507027801769034
2,accelerometer,m/s2,1.0
2,glucose,mg/dl,99.49287426051006
2,systole,mmHg,123.40735630456228
2,diastole,mmHg,78.40497181053199
2,saturation,%,98.89105428139354
2,time,s,42
1,temperature,celsius,36.55684921679787
1,accelerometer,m/s2,1.0
1,glucose,mg/dl,100.29092415689523
1,systole,mmHg,124.23497248446078
1,diastole,mmHg,77.94416050143329
1,saturation,%,97.1927474653795
1,time,s,2172
0,temperature,celsius,36.565457495059874
0,accelerometer,m/s2,1.0
0,glucose,mg/dl,98.11008044901473
0,systole,mmHg,122.45829150548025
0,diastole,mmHg,78.0419008201859
0,saturation,%,97.58496831927445
0,time,s,2178
2,temperature,celsius,36.6095770198034
2,accelerometer,m/s2,1.0
2,glucose,mg/dl,99.49287426051006
2,systole,mmHg,123.40735630456228
2,diastole,mmHg,78.40497181053199
2,saturation,%,98.89105428139354
2,time,s,48
1,temperature,celsius,36.62091524038241
1,accelerometer,m/s2,1.0
1,glucose,mg/dl,100.29092415689523
1,systole,mmHg,124.23497248446078
1,diastole,mmHg,77.94416050143329
1,saturation,%,97.1927474653795
1,time,s,2178
0,temperature,celsius,36.54479579726894
0,accelerometer,m/s2,1.0
0,glucose,mg/dl,98.11008044901473
0,systole,mmHg,122.45829150548025
0,diastole,mmHg,78.0419008201859
0,saturation,%,97.58496831927445
0,time,s,2184
0,temperature,celsius,36.66771636706823
0,accelerometer,m/s2,1.0
0,glucose,mg/dl,98.7899085663675
0,systole,mmHg,122.41204863852654
0,diastole,mmHg,77.27602553540875
0,saturation,%,99.74941476483409
0,time,s,0
2,temperature,celsius,36.59947223478376
2,accelerometer,m/s2,1.0
2,glucose,mg/dl,99.49287426051006
2,systole,mmHg,123.40735630456228
2,diastole,mmHg,78.40497181053199
2,saturation,%,98.89105428139354
2,time,s,54
1,temperature,celsius,36.59400207910004
1,accelerometer,m/s2,1.0
1,glucose,mg/dl,100.29092415689523
1,systole,mmHg,124.23497248446078
1,diastole,mmHg,77.94416050143329
1,saturation,%,97.1927474653795
1,time,s,2184
0,temperature,celsius,36.62150806716578
0,accelerometer,m/s2,1.0
0,glucose,mg/dl,98.7899085663675
0,systole,mmHg,122.41204863852654
0,diastole,mmHg,77.27602553540875
0,saturation,%,99.74941476483409
0,time,s,6
2,temperature,celsius,36.569502127692886
2,accelerometer,m/s2,1.0
2,glucose,mg/dl,99.49287426051006
2,systole,mmHg,123.40735630456228
2,diastole,mmHg,78.40497181053199
2,saturation,%,98.89105428139354
2,time,s,60
1,temperature,celsius,36.63581612156563
1,accelerometer,m/s2,1.0
1,glucose,mg/dl,100.29092415689523
1,systole,mmHg,124.23497248446078
1,diastole,mmHg,77.94416050143329
1,saturation,%,97.1927474653795
1,time,s,2190
0,temperature,celsius,36.569097091869
0,accelerometer,m/s2,1.0
0,glucose,mg/dl,98.7899085663675
0,systole,mmHg,122.41204863852654
0,diastole,mmHg,77.27602553540875
0,saturation,%,99.74941476483409
0,time,s,12
2,temperature,celsius,36.6376559245742
2,accelerometer,m/s2,1.0
2,glucose,mg/dl,99.49287426051006
2,systole,mmHg,123.40735630456228
2,diastole,mmHg,78.40497181053199
2,saturation,%,98.89105428139354
2,time,s,66
1,temperature,celsius,36.56011144781253
1,accelerometer,m/s2,1.0
1,glucose,mg/dl,100.29092415689523
1,systole,mmHg,124.23497248446078
1,diastole,mmHg,77.94416050143329
1,saturation,%,97.1927474653795
1,time,s,2196
0,temperature,celsius,36.55923553288129
0,accelerometer,m/s2,1.0
0,glucose,mg/dl,98.7899085663675
0,systole,mmHg,122.41204863852654
0,diastole,mmHg,77.27602553540875
0,saturation,%,99.74941476483409
0,time,s,18
2,temperature,celsius,36.59031914824088
2,accelerometer,m/s2,1.0
2,glucose,mg/dl,99.49287426051006
2,systole,mmHg,123.40735630456228
2,diastole,mmHg,78.40497181053199
2,saturation,%,98.89105428139354
2,time,s,72
1,temperature,celsius,36.6148123187487
1,accelerometer,m/s2,1.0
1,glucose,mg/dl,100.29092415689523
1,systole,mmHg,124.23497248446078
1,diastole,mmHg,77.94416050143329
1,saturation,%,97.1927474653795
1,time,s,2202
0,temperature,celsius,36.5119323508293
0,accelerometer,m/s2,1.0
0,glucose,mg/dl,98.7899085663675
0,systole,mmHg,122.41204863852654
0,diastole,mmHg,77.27602553540875
0,saturation,%,99.74941476483409
0,time,s,24
2,temperature,celsius,36.59964266530428
2,accelerometer,m/s2,1.0
2,glucose,mg/dl,99.49287426051006
2,systole,mmHg,123.40735630456228
2,diastole,mmHg,78.40497181053199
2,saturation,%,98.89105428139354
2,time,s,78
1,temperature,celsius,36.56619554867521
1,accelerometer,m/s2,1.0
1,glucose,mg/dl,100.29092415689523
1,systole,mmHg,124.23497248446078
1,diastole,mmHg,77.94416050143329
1,saturation,%,97.1927474653795
1,time,s,2208
0,temperature,celsius,36.57077192888844
0,accelerometer,m/s2,1.0
0,glucose,mg/dl,98.7899085663675
0,systole,mmHg,122.41204863852654
0,diastole,mmHg,77.27602553540875
0,saturation,%,99.74941476483409
0,time,s,30
2,temperature,celsius,36.61487227376337
2,accelerometer,m/s2,1.0
2,glucose,mg/dl,99.49287426051006
2,systole,mmHg,123.40735630456228
2,diastole,mmHg,78.40497181053199
2,saturation,%,98.89105428139354
2,time,s,84
1,temperature,celsius,36.60981723992409
1,accelerometer,m/s2,1.0
1,glucose,mg/dl,100.29092415689523
1,systole,mmHg,124.23497248446078
1,diastole,mmHg,77.94416050143329
1,saturation,%,97.1927474653795
1,time,s,2214
0,temperature,celsius,36.52556339357025
0,accelerometer,m/s2,1.0
0,glucose,mg/dl,98.7899085663675
0,systole,mmHg,122.41204863852654
0,diastole,mmHg,77.27602553540875
0,saturation,%,99.74941476483409
0,time,s,36
2,temperature,celsius,36.57506350173932
2,accelerometer,m/s2,1.0
2,glucose,mg/dl,99.49287426051006
2,systole,mmHg,123.40735630456228
2,diastole,mmHg,78.40497181053199
2,saturation,%,98.89105428139354
2,time,s,90
1,temperature,celsius,36.72057001432932
1,accelerometer,m/s2,1.0
1,glucose,mg/dl,100.29092415689523
1,systole,mmHg,124.23497248446078
1,diastole,mmHg,77.94416050143329
1,saturation,%,97.1927474653795
1,time,s,2220
0,temperature,celsius,36.611891921437774
0,accelerometer,m/s2,1.0
0,glucose,mg/dl,98.7899085663675
0,systole,mmHg,122.41204863852654
0,diastole,mmHg,77.27602553540875
0,saturation,%,99.74941476483409
0,time,s,42
2,temperature,celsius,36.68295832576044
2,accelerometer,m/s2,1.0
2,glucose,mg/dl,99.49287426051006
2,systole,mmHg,123.40735630456228
2,diastole,mmHg,78.40497181053199
2,saturation,%,98.89105428139354
2,time,s,96
1,temperature,celsius,36.59151243831897
1,accelerometer,m/s2,1.0
1,glucose,mg/dl,100.29092415689523
1,systole,mmHg,124.23497248446078
1,diastole,mmHg,77.94416050143329
1,saturation,%,97.1927474653795
1,time,s,2226
0,temperature,celsius,36.66778279806059
0,accelerometer,m/s2,1.0
0,glucose,mg/dl,98.7899085663675
0,systole,mmHg,122.41204863852654
0,diastole,mmHg,77.27602553540875
0,saturation,%,99.74941476483409
0,time,s,48
2,temperature,celsius,36.508270603768814
2,accelerometer,m/s2,1.0
2,glucose,mg/dl,99.49287426051006
2,systole,mmHg,123.40735630456228
2,diastole,mmHg,78.40497181053199
2,saturation,%,98.89105428139354
2,time,s,102
1,temperature,celsius,36.592578800622846
1,accelerometer,m/s2,1.0
1,glucose,mg/dl,100.29092415689523
1,systole,mmHg,124.23497248446078
1,diastole,mmHg,77.94416050143329
1,saturation,%,97.1927474653795
1,time,s,2232
0,temperature,celsius,36.55887524236848
0,accelerometer,m/s2,1.0
0,glucose,mg/dl,98.7899085663675
0,systole,mmHg,122.41204863852654
0,diastole,mmHg,77.27602553540875
0,saturation,%,99.74941476483409
0,time,s,54
2,temperature,celsius,36.60116834657595
2,accelerometer,m/s2,1.0
2,glucose,mg/dl,99.49287426051006
2,systole,mmHg,123.40735630456228
2,diastole,mmHg,78.40497181053199
2,saturation,%,98.89105428139354
2,time,s,108
1,temperature,celsius,36.61833208000183
1,accelerometer,m/s2,1.0
1,glucose,mg/dl,100.29092415689523
1,systole,mmHg,124.23497248446078
1,diastole,mmHg,77.94416050143329
1,saturation,%,97.1927474653795
1,time,s,2238
0,temperature,celsius,36.58165333324899
0,accelerometer,m/s2,1.0
0,glucose,mg/dl,98.7899085663675
0,systole,mmHg,122.41204863852654
0,diastole,mmHg,77.27602553540875
0,saturation,%,99.74941476483409
0,time,s,60
2,temperature,celsius,36.614309628305854
2,accelerometer,m/s2,1.0
2,glucose,mg/dl,99.49287426051006
2,systole,mmHg,123.40735630456228
2,diastole,mmHg,78.40497181053199
2,saturation,%,98.89105428139354
2,time,s,114
1,temperature,celsius,36.61712727435646
1,accelerometer,m/s2,1.0
1,glucose,mg/dl,100.29092415689523
1,systole,mmHg,124.23497248446078
1,diastole,mmHg,77.94416050143329
1,saturation,%,97.1927474653795
1,time,s,2244
0,temperature,celsius,36.620914983380544
0,accelerometer,m/s2,1.0
0,glucose,mg/dl,98.7899085663675
0,systole,mmHg,122.41204863852654
0,diastole,mmHg,77.27602553540875
0,saturation,%,99.74941476483409
0,time,s,66
2,temperature,celsius,36.590590570932115
2,accelerometer,m/s2,1.0
2,glucose,mg/dl,99.49287426051006
2,systole,mmHg,123.40735630456228
2,diastole,mmHg,78.40497181053199
2,saturation,%,98.89105428139354
2,time,s,120
1,temperature,celsius,36.71434339261382
1,accelerometer,m/s2,1.0
1,glucose,mg/dl,100.29092415689523
1,systole,mmHg,124.23497248446078
1,diastole,mmHg,77.94416050143329
1,saturation,%,97.1927474653795
1,time,s,2250
0,temperature,celsius,36.59741074620032
0,accelerometer,m/s2,1.0
0,glucose,mg/dl,98.7899085663675
0,systole,mmHg,122.41204863852654
0,diastole,mmHg,77.27602553540875
0,saturation,%,99.74941476483409
0,time,s,72
2,temperature,celsius,36.56856760371935
2,accelerometer,m/s2,1.0
2,glucose,mg/dl,99.49287426051006
2,systole,mmHg,123.40735630456228
2,diastole,mmHg,78.40497181053199
2,saturation,%,98.89105428139354
2,time,s,126
1,temperature,celsius,36.53843971685359
1,accelerometer,m/s2,1.0
1,glucose,mg/dl,100.29092415689523
1,systole,mmHg,124.23497248446078
1,diastole,mmHg,77.94416050143329
1,saturation,%,97.1927474653795
1,time,s,2256
0,temperature,celsius,36.655927084844194
0,accelerometer,m/s2,1.0
0,glucose,mg/dl,98.7899085663675
0,systole,mmHg,122.41204863852654
0,diastole,mmHg,77.27602553540875
0,saturation,%,99.74941476483409
0,time,s,78
2,temperature,celsius,36.56703267257677
2,accelerometer,m/s2,1.0
2,glucose,mg/dl,99.49287426051006
2,systole,mmHg,123.40735630456228
2,diastole,mmHg,78.40497181053199
2,saturation,%,98.89105428139354
2,time,s,132
1,temperature,celsius,36.61992302251306
1,accelerometer,m/s2,1.0
1,glucose,mg/dl,100.29092415689523
1,systole,mmHg,124.23497248446078
1,diastole,mmHg,77.94416050143329
1,saturation,%,97.1927474653795
1,time,s,2262
0,temperature,celsius,36.55774417716838
0,accelerometer,m/s2,1.0
0,glucose,mg/dl,98.7899085663675
0,systole,mmHg,122.41204863852654
0,diastole,mmHg,77.27602553540875
0,saturation,%,99.74941476483409
0,time,s,84
2,temperature,celsius,36.63926143625083
2,accelerometer,m/s2,1.0
2,glucose,mg/dl,99.49287426051006
2,systole,mmHg,123.40735630456228
2,diastole,mmHg,78.40497181053199
2,saturation,%,98.89105428139354
2,time,s,138
1,temperature,celsius,36.57210704582228
1,accelerometer,m/s2,1.0
1,glucose,mg/dl,100.29092415689523
1,systole,mmHg,124.23497248446078
1,diastole,mmHg,77.94416050143329
1,saturation,%,97.1927474653795
1,time,s,2268
0,temperature,celsius,36.629014100900775
0,accelerometer,m/s2,1.0
0,glucose,mg/dl,98.7899085663675
0,systole,mmHg,122.41204863852654
0,diastole,mmHg,77.27602553540875
0,saturation,%,99.74941476483409
0,time,s,90
2,temperature,celsius,36.68239720092209
2,accelerometer,m/s2,1.0
2,glucose,mg/dl,99.49287426051006
2,systole,mmHg,123.40735630456228
2,diastole,mmHg,78.40497181053199
2,saturation,%,98.89105428139354
2,time,s,144
1,temperature,celsius,36.60760097664789
1,accelerometer,m/s2,1.0
1,glucose,mg/dl,100.29092415689523
1,systole,mmHg,124.23497248446078
1,diastole,mmHg,77.94416050143329
1,saturation,%,97.1927474653795
1,time,s,2274
0,temperature,celsius,36.720025967557575
0,accelerometer,m/s2,1.0
0,glucose,mg/dl,98.7899085663675
0,systole,mmHg,122.41204863852654
0,diastole,mmHg,77.27602553540875
0,saturation,%,99.74941476483409
0,time,s,96
2,temperature,celsius,36.48039439897725
2,accelerometer,m/s2,1.0
2,glucose,mg/dl,99.49287426051006
2,systole,mmHg,123.40735630456228
2,diastole,mmHg,78.40497181053199
2,saturation,%,98.89105428139354
2,time,s,150
1,temperature,celsius,36.573033059729774
1,accelerometer,m/s2,1.0
1,glucose,mg/dl,100.29092415689523
1,systole,mmHg,124.23497248446078
1,diastole,mmHg,77.94416050143329
1,saturation,%,97.1927474653795
1,time,s,2280
0,temperature,celsius,36.66678490551966
0,accelerometer,m/s2,1.0
0,glucose,mg/dl,98.7899085663675
0,systole,mmHg,122.41204863852654
0,diastole,mmHg,77.27602553540875
0,saturation,%,99.74941476483409
0,time,s,102
2,temperature,celsius,36.52931140053167
2,accelerometer,m/s2,1.0
2,glucose,mg/dl,99.49287426051006
2,systole,mmHg,123.40735630456228
2,diastole,mmHg,78.40497181053199
2,saturation,%,98.89105428139354
2,time,s,156
1,temperature,celsius,36.63369574327463
1,accelerometer,m/s2,1.0
1,glucose,mg/dl,100.29092415689523
1,systole,mmHg,124.23497248446078
1,diastole,mmHg,77.94416050143329
1,saturation,%,97.1927474653795
1,time,s,2286
0,temperature,celsius,36.54773503621161
0,accelerometer,m/s2,1.0
0,glucose,mg/dl,98.7899085663675
0,systole,mmHg,122.41204863852654
0,diastole,mmHg,77.27602553540875
0,saturation,%,99.74941476483409
0,time,s,108
2,temperature,celsius,36.66199694412741
2,accelerometer,m/s2,1.0
2,glucose,mg/dl,99.49287426051006
2,systole,mmHg,123.40735630456228
2,diastole,mmHg,78.40497181053199
2,saturation,%,98.89105428139354
2,time,s,162
1,temperature,celsius,36.61682061146886
1,accelerometer,m/s2,1.0
1,glucose,mg/dl,100.29092415689523
1,systole,mmHg,124.23497248446078
1,diastole,mmHg,77.94416050143329
1,saturation,%,97.1927474653795
1,time,s,2292
0,temperature,celsius,36.54428238500257
0,accelerometer,m/s2,1.0
0,glucose,mg/dl,98.7899085663675
0,systole,mmHg,122.41204863852654
0,diastole,mmHg,77.27602553540875
0,saturation,%,99.74941476483409
0,time,s,114
2,temperature,celsius,36.661386393556306
2,accelerometer,m/s2,1.0
2,glucose,mg/dl,99.49287426051006
2,systole,mmHg,123.40735630456228
2,diastole,mmHg,78.40497181053199
2,saturation,%,98.89105428139354
2,time,s,168
1,temperature,celsius,36.53714275554961
1,accelerometer,m/s2,1.0
1,glucose,mg/dl,100.29092415689523
1,systole,mmHg,124.23497248446078
1,diastole,mmHg,77.94416050143329
1,saturation,%,97.1927474653795
1,time,s,2298
0,temperature,celsius,36.70839586990954
0,accelerometer,m/s2,1.0
0,glucose,mg/dl,98.7899085663675
0,systole,mmHg,122.41204863852654
0,diastole,mmHg,77.27602553540875
0,saturation,%,99.74941476483409
0,time,s,120
2,temperature,celsius,36.57588418439081
2,accelerometer,m/s2,1.0
2,glucose,mg/dl,99.49287426051006
2,systole,mmHg,123.40735630456228
2,diastole,mmHg,78.40497181053199
2,saturation,%,98.89105428139354
2,time,s,174
1,temperature,celsius,36.691841393646406
1,accelerometer,m/s2,1.0
1,glucose,mg/dl,100.29092415689523
1,systole,mmHg,124.23497248446078
1,diastole,mmHg,77.94416050143329
1,saturation,%,97.1927474653795
1,time,s,2304
0,temperature,celsius,36.67264117724424
0,accelerometer,m/s2,1.0
0,glucose,mg/dl,98.7899085663675
0,systole,mmHg,122.41204863852654
0,diastole,mmHg,77.27602553540875
0,saturation,%,99.74941476483409
0,time,s,126
2,temperature,celsius,36.668356196678445
2,accelerometer,m/s2,1.0
2,glucose,mg/dl,99.49287426051006
2,systole,mmHg,123.40735630456228
2,diastole,mmHg,78.40497181053199
2,saturation,%,98.89105428139354
2,time,s,180
1,temperature,celsius,36.59035636548695
1,accelerometer,m/s2,1.0
1,glucose,mg/dl,100.29092415689523
1,systole,mmHg,124.23497248446078
1,diastole,mmHg,77.94416050143329
1,saturation,%,97.1927474653795
1,time,s,2310
0,temperature,celsius,36.54097120291255
0,accelerometer,m/s2,1.0
0,glucose,mg/dl,98.7899085663675
0,systole,mmHg,122.41204863852654
0,diastole,mmHg,77.27602553540875
0,saturation,%,99.74941476483409
0,time,s,132
2,temperature,celsius,36.59491079006168
2,accelerometer,m/s2,1.0
2,glucose,mg/dl,99.49287426051006
2,systole,mmHg,123.40735630456228
2,diastole,mmHg,78.40497181053199
2,saturation,%,98.89105428139354
2,time,s,186
1,temperature,celsius,36.501345332030766
1,accelerometer,m/s2,1.0
1,glucose,mg/dl,100.29092415689523
1,systole,mmHg,124.23497248446078
1,diastole,mmHg,77.94416050143329
1,saturation,%,97.1927474653795
1,time,s,2316
0,temperature,celsius,36.58036659439377
0,accelerometer,m/s2,1.0
0,glucose,mg/dl,98.7899085663675
0,systole,mmHg,122.41204863852654
0,diastole,mmHg,77.27602553540875
0,saturation,%,99.74941476483409
0,time,s,138
2,temperature,celsius,36.67486110786441
2,accelerometer,m/s2,1.0
2,glucose,mg/dl,99.49287426051006
2,systole,mmHg,123.40735630456228
2,diastole,mmHg,78.40497181053199
2,saturation,%,98.89105428139354
2,time,s,192
1,temperature,celsius,36.56865350593549
1,accelerometer,m/s2,1.0
1,glucose,mg/dl,100.29092415689523
1,systole,mmHg,124.23497248446078
1,diastole,mmHg,77.94416050143329
1,saturation,%,97.1927474653795
1,time,s,2322
0,temperature,celsius,36.617151875248624
0,accelerometer,m/s2,1.0
0,glucose,mg/dl,98.7899085663675
0,systole,mmHg,122.41204863852654
0,diastole,mmHg,77.27602553540875
0,saturation,%,99.74941476483409
0,time,s,144
2,temperature,celsius,36.53394130970069
2,accelerometer,m/s2,1.0
2,glucose,mg/dl,99.49287426051006
2,systole,mmHg,123.40735630456228
2,diastole,mmHg,78.40497181053199
2,saturation,%,98.89105428139354
2,time,s,198
1,temperature,celsius,36.57416165751753
1,accelerometer,m/s2,1.0
1,glucose,mg/dl,100.29092415689523
1,systole,mmHg,124.23497248446078
1,diastole,mmHg,77.94416050143329
1,saturation,%,97.1927474653795
1,time,s,2328
0,temperature,celsius,36.568623338475184
0,accelerometer,m/s2,1.0
0,glucose,mg/dl,98.7899085663675
0,systole,mmHg,122.41204863852654
0,diastole,mmHg,77.27602553540875
0,saturation,%,99.74941476483409
0,time,s,150
2,temperature,celsius,36.541049530509184
2,accelerometer,m/s2,1.0
2,glucose,mg/dl,99.49287426051006
2,systole,mmHg,123.40735630456228
2,diastole,mmHg,78.40497181053199
2,saturation,%,98.89105428139354
2,time,s,204
1,temperature,celsius,36.49446904848906
1,accelerometer,m/s2,1.0
1,glucose,mg/dl,100.29092415689523
1,systole,mmHg,124.23497248446078
1,diastole,mmHg,77.94416050143329
1,saturation,%,97.1927474653795
1,time,s,2334
0,temperature,celsius,36.64800787826599
0,accelerometer,m/s2,1.0
0,glucose,mg/dl,98.7899085663675
0,systole,mmHg,122.41204863852654
0,diastole,mmHg,77.27602553540875
0,saturation,%,99.74941476483409
0,time,s,156
2,temperature,celsius,36.590970751860695
2,accelerometer,m/s2,1.0
2,glucose,mg/dl,99.49287426051006
2,systole,mmHg,123.40735630456228
2,diastole,mmHg,78.40497181053199
2,saturation,%,98.89105428139354
2,time,s,210
1,temperature,celsius,36.64091327786322
1,accelerometer,m/s2,1.0
1,glucose,mg/dl,100.29092415689523
1,systole,mmHg,124.23497248446078
1,diastole,mmHg,77.94416050143329
1,saturation,%,97.1927474653795
1,time,s,2340
0,temperature,celsius,36.60959453206215
0,accelerometer,m/s2,1.0
0,glucose,mg/dl,98.7899085663675
0,systole,mmHg,122.41204863852654
0,diastole,mmHg,77.27602553540875
0,saturation,%,99.74941476483409
0,time,s,162
2,temperature,celsius,36.67739820675208
2,accelerometer,m/s2,1.0
2,glucose,mg/dl,99.49287426051006
2,systole,mmHg,123.40735630456228
2,diastole,mmHg,78.40497181053199
2,saturation,%,98.89105428139354
2,time,s,216
1,temperature,celsius,36.62472571199982
1,accelerometer,m/s2,1.0
1,glucose,mg/dl,100.29092415689523
1,systole,mmHg,124.23497248446078
1,diastole,mmHg,77.94416050143329
1,saturation,%,97.1927474653795
1,time,s,2346
0,temperature,celsius,36.587459706047
0,accelerometer,m/s2,1.0
0,glucose,mg/dl,98.7899085663675
0,systole,mmHg,122.41204863852654
0,diastole,mmHg,77.27602553540875
0,saturation,%,99.74941476483409
0,time,s,168
2,temperature,celsius,36.65496364780431
2,accelerometer,m/s2,1.0
2,glucose,mg/dl,99.49287426051006
2,systole,mmHg,123.40735630456228
2,diastole,mmHg,78.40497181053199
2,saturation,%,98.89105428139354
2,time,s,222
1,temperature,celsius,36.586500063796464
1,accelerometer,m/s2,1.0
1,glucose,mg/dl,100.29092415689523
1,systole,mmHg,124.23497248446078
1,diastole,mmHg,77.94416050143329
1,saturation,%,97.1927474653795
1,time,s,2352
0,temperature,celsius,36.571484627050374
0,accelerometer,m/s2,1.0
0,glucose,mg/dl,98.7899085663675
0,systole,mmHg,122.41204863852654
0,diastole,mmHg,77.27602553540875
0,saturation,%,99.74941476483409
0,time,s,174
2,temperature,celsius,36.617585472188914
2,accelerometer,m/s2,1.0
2,glucose,mg/dl,99.49287426051006
2,systole,mmHg,123.40735630456228
2,diastole,mmHg,78.40497181053199
2,saturation,%,98.89105428139354
2,time,s,228
1,temperature,celsius,36.65280304790253
1,accelerometer,m/s2,1.0
1,glucose,mg/dl,100.29092415689523
1,systole,mmHg,124.23497248446078
1,diastole,mmHg,77.94416050143329
1,saturation,%,97.1927474653795
1,time,s,2358
0,temperature,celsius,36.63075117351895
0,accelerometer,m/s2,1.0
0,glucose,mg/dl,98.7899085663675
0,systole,mmHg,122.41204863852654
0,diastole,mmHg,77.27602553540875
0,saturation,%,99.74941476483409
0,time,s,180
2,temperature,celsius,36.5724388968278
2,accelerometer,m/s2,1.0
2,glucose,mg/dl,99.49287426051006
2,systole,mmHg,123.40735630456228
2,diastole,mmHg,78.40497181053199
2,saturation,%,98.89105428139354
2,time,s,234
1,temperature,celsius,36.595363891766674
1,accelerometer,m/s2,1.0
1,glucose,mg/dl,100.29092415689523
1,systole,mmHg,124.23497248446078
1,diastole,mmHg,77.94416050143329
1,saturation,%,97.1927474653795
1,time,s,2364
0,temperature,celsius,36.47075661017636
0,accelerometer,m/s2,1.0
0,glucose,mg/dl,98.7899085663675
0,systole,mmHg,122.41204863852654
0,diastole,mmHg,77.27602553540875
0,saturation,%,99.74941476483409
0,time,s,186
2,temperature,celsius,36.661382706291555
2,accelerometer,m/s2,1.0
2,glucose,mg/dl,99.49287426051006
2,systole,mmHg,123.40735630456228
2,diastole,mmHg,78.40497181053199
2,saturation,%,98.89105428139354
2,time,s,240
1,temperature,celsius,36.62202604737293
1,accelerometer,m/s2,1.0
1,glucose,mg/dl,100.29092415689523
1,systole,mmHg,124.23497248446078
1,diastole,mmHg,77.94416050143329
1,saturation,%,97.1927474653795
1,time,s,2370
0,temperature,celsius,36.665167658971825
0,accelerometer,m/s2,1.0
0,glucose,mg/dl,98.7899085663675
0,systole,mmHg,122.41204863852654
0,diastole,mmHg,77.27602553540875
0,saturation,%,99.74941476483409
0,time,s,192
2,temperature,celsius,36.49515074384737
2,accelerometer,m/s2,1.0
2,glucose,mg/dl,99.49287426051006
2,systole,mmHg,123.40735630456228
2,diastole,mmHg,78.40497181053199
2,saturation,%,98.89105428139354
2,time,s,246
1,temperature,celsius,36.526821611073245
1,accelerometer,m/s2,1.0
1,glucose,mg/dl,100.29092415689523
1,systole,mmHg,124.23497248446078
1,diastole,mmHg,77.94416050143329
1,saturation,%,97.1927474653795
1,time,s,2376
